Entry_Time,Exit_Time,Entry_Price,Peak_Price,Exit_Price,Peak_Ret_%,Actual_Ret_%,Giveback_%,Reason
2022-07-18 16:00:00,2022-07-18 20:00:00,40.04,44.1,41.894999999999996,10.139860139860147,4.632867132867125,5.506993006993021,Trailing Stop
2022-07-18 20:00:00,2022-07-19 00:00:00,41.894999999999996,46.2,43.89,10.275689223057661,4.761904761904773,5.513784461152889,Trailing Stop
2022-07-19 00:00:00,2022-07-19 04:00:00,43.89,44.14,42.573299999999996,0.5696058327637276,-3.0000000000000098,0.0,Hard SL
2022-07-19 04:00:00,2022-07-19 08:00:00,42.573299999999996,45.9,43.605,7.814052469505542,2.4233498460302605,5.390702623475281,Trailing Stop
2022-07-19 08:00:00,2022-07-19 20:00:00,43.605,47.4,45.029999999999994,8.703130374957006,3.267973856209144,5.435156518747861,Trailing Stop
2022-07-19 20:00:00,2022-07-20 08:00:00,45.029999999999994,46.08,43.775999999999996,2.3317788141239273,-2.784810126582274,0.0,Trailing Stop
2022-07-20 08:00:00,2022-07-20 16:00:00,43.775999999999996,46.32,44.004,5.81140350877194,0.5208333333333368,5.290570175438603,Trailing Stop
2022-07-20 16:00:00,2022-07-20 20:00:00,44.004,44.004,42.683879999999995,0.0,-3.0000000000000067,0.0,Hard SL
2022-07-20 20:00:00,2022-07-21 00:00:00,42.683879999999995,42.683879999999995,41.40336359999999,0.0,-3.000000000000008,0.0,Hard SL
2022-07-21 04:00:00,2022-07-22 12:00:00,41.03,44.34,42.123000000000005,8.067267852790646,2.6639044601511177,5.4033633926395295,Trailing Stop
2022-07-22 12:00:00,2022-07-22 16:00:00,42.123000000000005,42.123000000000005,40.85931,0.0,-3.0000000000000093,0.0,Hard SL
2022-07-23 04:00:00,2022-07-23 08:00:00,41.32,41.49,40.0804,0.4114230396902268,-3.000000000000007,0.0,Hard SL
2022-07-24 12:00:00,2022-07-25 00:00:00,41.19,42.08,39.954299999999996,2.160718621024522,-3.0000000000000036,0.0,Hard SL
2022-07-27 16:00:00,2022-07-28 12:00:00,39.37,42.14,40.033,7.035814071628152,1.684023368046746,5.351790703581407,Trailing Stop
2022-07-28 12:00:00,2022-07-29 08:00:00,40.033,44.42,42.199,10.958459271101342,5.410536307546266,5.547922963555076,Trailing Stop
2022-07-29 08:00:00,2022-07-29 12:00:00,42.199,43.44,41.267999999999994,2.940827981705727,-2.2062134173795696,0.0,Trailing Stop
2022-07-29 12:00:00,2022-07-30 12:00:00,41.267999999999994,46.29,43.9755,12.169235242803156,6.560773480662991,5.6084617621401645,Trailing Stop
2022-07-30 12:00:00,2022-07-30 20:00:00,43.9755,46.64,44.308,6.0590556105104065,0.7561028299848851,5.302952780525522,Trailing Stop
2022-07-30 20:00:00,2022-07-31 00:00:00,44.308,44.308,42.97876,0.0,-2.9999999999999973,0.0,Hard SL
2022-07-31 00:00:00,2022-07-31 16:00:00,42.97876,45.18,42.921,5.121692668657724,-0.1343919647751629,0.0,Trailing Stop
2022-07-31 16:00:00,2022-08-01 08:00:00,42.921,43.89,41.63337,2.2576361221779577,-3.0000000000000004,0.0,Hard SL
2022-08-01 08:00:00,2022-08-01 16:00:00,41.63337,42.97,40.8215,3.2104775568252095,-1.950046321016048,0.0,Trailing Stop
2022-08-01 20:00:00,2022-08-02 00:00:00,41.61,42.09,40.3617,1.1535688536409614,-3.000000000000001,0.0,Hard SL
2022-08-05 08:00:00,2022-08-05 12:00:00,40.98,41.32,39.7506,0.8296730112249961,-2.999999999999996,0.0,Hard SL
2022-08-05 20:00:00,2022-08-07 00:00:00,40.55,40.9,39.333499999999994,0.8631319358816312,-3.000000000000009,0.0,Hard SL
2022-08-07 16:00:00,2022-08-09 00:00:00,40.55,43.72,41.534,7.817509247842175,2.426633785450066,5.390875462392108,Trailing Stop
2022-08-09 00:00:00,2022-08-09 12:00:00,41.534,42.76,40.28798,2.9517985265084006,-3.0000000000000036,0.0,Hard SL
2022-08-10 12:00:00,2022-08-11 16:00:00,42.05,45.32,43.053999999999995,7.776456599286571,2.3876337693222305,5.388822829964341,Trailing Stop
2022-08-11 16:00:00,2022-08-13 00:00:00,43.053999999999995,47.78,45.391,10.976912714265822,5.428067078552524,5.548845635713297,Trailing Stop
2022-08-13 00:00:00,2022-08-14 12:00:00,45.391,48.38,45.961,6.58500583816176,1.2557555462536634,5.329250291908097,Trailing Stop
2022-08-14 12:00:00,2022-08-14 16:00:00,45.961,46.07,44.58217,0.23715759013076687,-3.0000000000000018,0.0,Hard SL
2022-08-14 16:00:00,2022-08-15 00:00:00,44.58217,47.24,44.878,5.961643410358905,0.663561239840955,5.29808217051795,Trailing Stop
2022-08-15 00:00:00,2022-08-15 04:00:00,44.878,46.65,43.53166,3.9484825526984233,-2.9999999999999956,0.0,Hard SL
2022-08-15 04:00:00,2022-08-17 12:00:00,43.53166,44.74,42.2257102,2.7757728512994904,-3.000000000000001,0.0,Hard SL
2022-10-31 04:00:00,2022-10-31 12:00:00,33.41,34.39,32.6705,2.9332535169111167,-2.21340915893445,0.0,Trailing Stop
2022-10-31 12:00:00,2022-11-02 04:00:00,32.6705,33.38,31.690384999999996,2.1716839350484554,-3.0000000000000044,0.0,Hard SL
2022-11-04 00:00:00,2022-11-04 12:00:00,31.92,34.01,32.3095,6.547619047619035,1.2202380952380896,5.327380952380946,Trailing Stop
2022-11-04 12:00:00,2022-11-05 12:00:00,32.3095,38.11,36.204499999999996,17.952924062582213,12.05527785945309,5.897646203129122,Trailing Stop
2022-11-05 12:00:00,2022-11-05 16:00:00,36.204499999999996,38.79,36.8505,7.141377453079047,1.7843085804250876,5.357068872653959,Trailing Stop
2022-11-05 16:00:00,2022-11-06 00:00:00,36.8505,37.33,35.74498499999999,1.3012035114856018,-3.0000000000000115,0.0,Hard SL
2022-11-06 00:00:00,2022-11-06 16:00:00,35.74498499999999,36.39,34.672635449999994,1.804490895715883,-2.999999999999996,0.0,Hard SL
2022-11-06 16:00:00,2022-11-06 20:00:00,34.672635449999994,34.672635449999994,33.632456386499996,0.0,-2.9999999999999956,0.0,Hard SL
2023-01-09 04:00:00,2023-01-09 12:00:00,16.348,17.5,16.625,7.046733545387822,1.6943968681184307,5.352336677269391,Trailing Stop
2023-01-09 12:00:00,2023-01-09 16:00:00,16.625,17.364,16.4958,4.445112781954892,-0.7771428571428624,0.0,Trailing Stop
2023-01-09 16:00:00,2023-01-10 00:00:00,16.4958,16.684,16.000926,1.1408964706167748,-2.9999999999999964,0.0,Hard SL
2023-01-10 00:00:00,2023-01-11 00:00:00,16.000926,16.718,15.8821,4.481453135899762,-0.7426195208952302,0.0,Trailing Stop
2023-01-11 00:00:00,2023-01-11 12:00:00,15.8821,16.15,15.405636999999999,1.6868046417035476,-3.000000000000005,0.0,Hard SL
2023-01-11 12:00:00,2023-01-11 16:00:00,15.405636999999999,16.127,15.320649999999999,4.682461361383501,-0.5516617066856757,0.0,Trailing Stop
2023-01-11 16:00:00,2023-01-11 20:00:00,15.320649999999999,16.597,15.76715,8.33091285291422,2.914367210268508,5.416545642645714,Trailing Stop
2023-01-11 20:00:00,2023-01-12 00:00:00,15.76715,17.0,16.15,7.819104911160222,2.4281496656022026,5.39095524555802,Trailing Stop
2023-01-12 00:00:00,2023-01-12 12:00:00,16.15,16.498,15.665499999999998,2.1547987616099227,-3.000000000000004,0.0,Hard SL
2023-01-12 12:00:00,2023-01-12 16:00:00,15.665499999999998,16.79,15.950499999999998,7.1781941208387945,1.8192844147968477,5.358909706041947,Trailing Stop
2023-01-12 16:00:00,2023-01-13 12:00:00,15.950499999999998,17.34,16.473,8.711325663772307,3.275759380583686,5.435566283188621,Trailing Stop
2023-01-13 12:00:00,2023-01-13 20:00:00,16.473,18.658,17.7251,13.264129181084213,7.600922722030003,5.663206459054211,Trailing Stop
2023-01-13 20:00:00,2023-01-14 00:00:00,17.7251,22.879,21.73505,29.07684582879645,22.623003537356627,6.453842291439821,Trailing Stop
2023-01-14 00:00:00,2023-01-14 04:00:00,21.73505,24.8,23.56,14.101416835940103,8.39634599414309,5.7050708417970135,Trailing Stop
2023-01-14 04:00:00,2023-01-14 08:00:00,23.56,23.94,22.853199999999998,1.6129032258064626,-3.0000000000000053,0.0,Hard SL
2023-01-14 08:00:00,2023-01-14 12:00:00,22.853199999999998,23.68,22.167603999999997,3.617874083279376,-3.0000000000000018,0.0,Hard SL
2023-01-14 12:00:00,2023-01-14 16:00:00,22.167603999999997,23.43,22.258499999999998,5.694778741085427,0.41003980403114726,5.284738937054279,Trailing Stop
2023-01-14 16:00:00,2023-01-14 20:00:00,22.258499999999998,24.848,23.6056,11.633757890244183,6.052069995731973,5.58168789451221,Trailing Stop
2023-01-14 20:00:00,2023-01-15 00:00:00,23.6056,25.2,22.897432,6.75432948114007,-3.0000000000000027,0.0,Hard SL
2023-01-15 00:00:00,2023-01-15 04:00:00,22.897432,23.2,22.210509039999998,1.3214058240242874,-3.0000000000000018,0.0,Hard SL
2023-01-15 04:00:00,2023-01-15 20:00:00,22.210509039999998,23.907,22.71165,7.638235381929824,2.2563236128333273,5.381911769096496,Trailing Stop
2023-01-15 20:00:00,2023-01-16 00:00:00,22.71165,24.28,23.066,6.905486831648086,1.560212490065672,5.345274341582415,Trailing Stop
2023-01-16 00:00:00,2023-01-16 04:00:00,23.066,25.18,23.921,9.16500476892396,3.7067545304777614,5.458250238446199,Trailing Stop
2023-01-16 04:00:00,2023-01-16 08:00:00,23.921,24.289,23.20337,1.5383972241963217,-2.999999999999999,0.0,Hard SL
2023-01-16 08:00:00,2023-01-16 12:00:00,23.20337,23.555,22.5072689,1.5154264229721808,-2.9999999999999996,0.0,Hard SL
2023-01-16 12:00:00,2023-01-17 00:00:00,22.5072689,24.3,23.085,7.965120548233203,2.566864520821543,5.398256027411659,Trailing Stop
2023-01-17 00:00:00,2023-01-17 20:00:00,23.085,24.0,22.799999999999997,3.9636127355425566,-1.2345679012345838,0.0,Trailing Stop
2023-01-17 20:00:00,2023-01-18 08:00:00,22.799999999999997,23.339,22.115999999999996,2.364035087719305,-3.000000000000005,0.0,Hard SL
2023-01-18 08:00:00,2023-01-18 12:00:00,22.115999999999996,23.674,21.452519999999996,7.044673539518917,-3.0,0.0,Hard SL
2023-01-18 12:00:00,2023-01-18 16:00:00,21.452519999999996,22.3,20.808944399999994,3.950491597257593,-3.0000000000000098,0.0,Hard SL
2023-01-18 16:00:00,2023-01-18 20:00:00,20.808944399999994,21.879,20.785050000000002,5.142286794711255,-0.1148275450243048,0.0,Trailing Stop
2023-01-18 20:00:00,2023-01-19 12:00:00,20.785050000000002,21.788,20.6986,4.825343215436087,-0.41592394533572347,0.0,Trailing Stop
2023-01-19 12:00:00,2023-01-20 16:00:00,20.6986,23.4,22.229999999999997,13.051124230624293,7.3985680190930685,5.652556211531223,Trailing Stop
2023-01-20 16:00:00,2023-01-20 20:00:00,22.229999999999997,25.875,24.581249999999997,16.396761133603256,10.57692307692308,5.819838056680175,Trailing Stop
2023-01-20 20:00:00,2023-01-21 00:00:00,24.581249999999997,25.9,24.604999999999997,5.364861428934662,0.09661835748792157,5.26824307144674,Trailing Stop
2023-01-21 00:00:00,2023-01-21 08:00:00,24.604999999999997,26.687,25.35265,8.46169477748427,3.038610038610054,5.423084738874216,Trailing Stop
2023-01-21 08:00:00,2023-01-21 20:00:00,25.35265,26.117,24.5920705,3.014872212569496,-3.0000000000000084,0.0,Hard SL
2023-01-21 20:00:00,2023-01-22 20:00:00,24.5920705,25.47,23.854308385,3.5699698404817135,-2.9999999999999956,0.0,Hard SL
2023-01-22 20:00:00,2023-01-24 12:00:00,23.854308385,25.3,24.035,6.060505262475256,0.7574799993514909,5.303025263123765,Trailing Stop
2023-01-24 12:00:00,2023-01-24 20:00:00,24.035,24.549,23.31395,2.1385479509049277,-3.000000000000007,0.0,Hard SL
2023-01-25 04:00:00,2023-01-25 12:00:00,23.252,24.573,23.34435,5.6812317220024156,0.3971701359022867,5.284061586100129,Trailing Stop
2023-01-25 12:00:00,2023-01-25 20:00:00,23.34435,25.452,24.1794,9.02852296165883,3.577096813575887,5.451426148082943,Trailing Stop
2023-01-25 20:00:00,2023-01-26 16:00:00,24.1794,25.251,23.98845,4.431871758604432,-0.7897218293257932,0.0,Trailing Stop
2023-01-26 16:00:00,2023-01-27 00:00:00,23.98845,24.628,23.2687965,2.6660747151233193,-2.9999999999999987,0.0,Hard SL
2023-01-27 00:00:00,2023-01-28 12:00:00,23.2687965,25.3,24.035,8.729301921566938,3.2928368254885876,5.43646509607835,Trailing Stop
2023-01-28 12:00:00,2023-01-29 16:00:00,24.035,26.629,25.29755,10.792594133555237,5.252964426877474,5.539629706677763,Trailing Stop
2023-01-29 16:00:00,2023-01-30 00:00:00,25.29755,26.869,25.52555,6.211866366505842,0.9012730481805471,5.310593318325295,Trailing Stop
2023-01-30 00:00:00,2023-01-30 08:00:00,25.52555,25.632,24.759783499999998,0.4170331295505969,-3.000000000000006,0.0,Hard SL
2023-01-30 12:00:00,2023-01-30 16:00:00,24.388,24.648,23.65636,1.066098081023446,-3.0000000000000093,0.0,Hard SL
2023-01-31 16:00:00,2023-02-01 04:00:00,24.189,24.25,23.46333,0.25218074331307594,-3.0000000000000036,0.0,Hard SL
2023-02-01 16:00:00,2023-02-02 16:00:00,24.216,26.173,24.864349999999998,8.081433762801442,2.677362074661369,5.404071688140073,Trailing Stop
2023-02-02 16:00:00,2023-02-02 20:00:00,24.864349999999998,25.279,24.118419499999998,1.6676486616380553,-3.0000000000000004,0.0,Hard SL
2023-02-02 20:00:00,2023-02-05 12:00:00,24.118419499999998,25.072,23.394866914999998,3.953743735156448,-3.000000000000001,0.0,Hard SL
2023-02-08 00:00:00,2023-02-08 16:00:00,23.88,23.97,23.1636,0.3768844221105522,-3.0000000000000004,0.0,Hard SL
2023-02-14 12:00:00,2023-02-16 20:00:00,21.888,24.16,22.951999999999998,10.38011695906432,4.861111111111095,5.519005847953226,Trailing Stop
2023-02-16 20:00:00,2023-02-17 00:00:00,22.951999999999998,22.951999999999998,22.26344,0.0,-2.9999999999999956,0.0,Hard SL
2023-02-17 00:00:00,2023-02-19 12:00:00,22.26344,25.327,24.06065,13.760497030108567,8.072472178603126,5.688024851505441,Trailing Stop
2023-02-19 12:00:00,2023-02-19 16:00:00,24.06065,25.406,24.135699999999996,5.59149482661524,0.3119200852844682,5.279574741330773,Trailing Stop
2023-02-19 16:00:00,2023-02-19 20:00:00,24.135699999999996,25.68,24.395999999999997,6.398405681210835,1.0784853971502832,5.319920284060552,Trailing Stop
2023-02-19 20:00:00,2023-02-20 00:00:00,24.395999999999997,26.358,25.0401,8.042302016724069,2.6401869158878575,5.402115100836211,Trailing Stop
2023-02-20 00:00:00,2023-02-20 16:00:00,25.0401,27.15,25.792499999999997,8.426084560365172,3.0047803323469076,5.421304228018265,Trailing Stop
2023-02-20 16:00:00,2023-02-21 08:00:00,25.792499999999997,26.648,25.018724999999996,3.3168556750993616,-3.000000000000002,0.0,Hard SL
2023-02-21 08:00:00,2023-02-22 00:00:00,25.018724999999996,25.525,24.268163249999997,2.023584335332845,-2.9999999999999973,0.0,Hard SL
2023-02-22 00:00:00,2023-02-22 04:00:00,24.268163249999997,24.488,23.540118352499995,0.9058648062292167,-3.0000000000000084,0.0,Hard SL
2023-02-22 20:00:00,2023-02-24 12:00:00,24.145,24.685,23.42065,2.236487885690616,-3.000000000000005,0.0,Hard SL
2023-03-21 00:00:00,2023-03-21 04:00:00,22.435,22.637,21.76195,0.9003788722977569,-3.0,0.0,Hard SL
2023-03-21 04:00:00,2023-03-21 16:00:00,21.76195,23.333,22.166349999999998,7.219251951226796,1.858289353665453,5.360962597561343,Trailing Stop
2023-03-21 16:00:00,2023-03-22 16:00:00,22.166349999999998,23.094,21.501359499999996,4.184947003002314,-3.0000000000000084,0.0,Hard SL
2023-03-23 04:00:00,2023-03-23 12:00:00,21.691,22.745,21.60775,4.859158176202121,-0.38379973260799227,0.0,Trailing Stop
2023-03-23 12:00:00,2023-03-24 08:00:00,21.60775,22.75,21.6125,5.286297740394074,0.021982853374374306,5.264314887019701,Trailing Stop
2023-04-11 20:00:00,2023-04-12 00:00:00,22.999,23.557,22.37915,2.4261924431497017,-2.6951171790077812,0.0,Trailing Stop
2023-04-12 00:00:00,2023-04-12 04:00:00,22.37915,24.1,22.895,7.6895235073718275,2.305047332003228,5.384476175368599,Trailing Stop
2023-04-12 04:00:00,2023-04-12 12:00:00,22.895,24.492,23.2674,6.9753221227342275,1.626556016597506,5.348766106136722,Trailing Stop
2023-04-12 12:00:00,2023-04-14 12:00:00,23.2674,25.5,24.224999999999998,9.59539957193327,4.115629593336597,5.479769978596672,Trailing Stop
2023-04-14 12:00:00,2023-04-17 08:00:00,24.224999999999998,26.067,24.76365,7.603715170278648,2.223529411764708,5.38018575851394,Trailing Stop
2023-04-17 08:00:00,2023-04-18 00:00:00,24.76365,25.48,24.0207405,2.8927480399698835,-2.9999999999999987,0.0,Hard SL
2023-04-18 00:00:00,2023-04-19 08:00:00,24.0207405,25.46,23.300118284999996,5.991736599460796,-3.0000000000000098,0.0,Hard SL
2023-04-26 08:00:00,2023-04-26 16:00:00,22.447,22.977,21.77359,2.3611172985254205,-3.000000000000002,0.0,Hard SL
2023-04-28 04:00:00,2023-04-30 20:00:00,22.601,24.0,22.799999999999997,6.189991593292336,0.880492013627707,5.30949957966463,Trailing Stop
2023-04-30 20:00:00,2023-05-01 00:00:00,22.799999999999997,22.88,22.115999999999996,0.3508771929824643,-3.000000000000005,0.0,Hard SL
2023-05-04 08:00:00,2023-05-05 12:00:00,22.239,22.481,21.57183,1.0881784252889108,-3.0000000000000098,0.0,Hard SL
2023-05-05 12:00:00,2023-05-06 12:00:00,21.57183,23.233,22.07135,7.700644776080667,2.315612537276626,5.385032238804041,Trailing Stop
2023-05-07 12:00:00,2023-05-07 20:00:00,22.446,22.778,21.77262,1.4791054085360296,-3.000000000000007,0.0,Hard SL
2023-06-04 12:00:00,2023-06-05 12:00:00,22.04,22.297,21.3788,1.1660617059891174,-3.000000000000004,0.0,Hard SL
2023-07-02 16:00:00,2023-07-05 08:00:00,19.36,19.95,18.7792,3.047520661157024,-3.0,0.0,Hard SL
2023-07-05 08:00:00,2023-07-06 12:00:00,18.7792,20.35,19.3325,8.364573570759148,2.9463448922211817,5.418228678537966,Trailing Stop
2023-07-06 12:00:00,2023-07-06 16:00:00,19.3325,20.95,19.9025,8.366739945687312,2.9484029484029497,5.418336997284363,Trailing Stop
2023-07-06 16:00:00,2023-07-06 20:00:00,19.9025,20.98,19.931,5.413892727044344,0.14319809069212952,5.270694636352215,Trailing Stop
2023-07-06 20:00:00,2023-07-07 00:00:00,19.931,20.532,19.505399999999998,3.0154031408358795,-2.1353670162059246,0.0,Trailing Stop
2023-07-07 00:00:00,2023-07-07 08:00:00,19.505399999999998,20.359,19.34105,4.376224020014989,-0.8425871809857728,0.0,Trailing Stop
2023-07-07 08:00:00,2023-07-07 12:00:00,19.34105,21.74,20.653,12.403411397002746,6.783240827152609,5.620170569850136,Trailing Stop
2023-07-07 12:00:00,2023-07-09 12:00:00,20.653,22.468,21.3446,8.788069529850391,3.348666053357871,5.43940347649252,Trailing Stop
2023-07-09 12:00:00,2023-07-10 04:00:00,21.3446,21.467,20.704262,0.5734471482248389,-2.999999999999999,0.0,Hard SL
2023-07-10 04:00:00,2023-07-12 16:00:00,20.704262,23.059,21.90605,11.37320422239634,5.804544011276521,5.56866021111982,Trailing Stop
2023-07-12 16:00:00,2023-07-13 12:00:00,21.90605,25.767,24.47865,17.62503965799402,11.743787675094312,5.881251982899706,Trailing Stop
2023-07-13 12:00:00,2023-07-13 16:00:00,24.47865,26.887,25.54265,9.838573614149484,4.3466449334420005,5.491928680707483,Trailing Stop
2023-07-13 16:00:00,2023-07-14 00:00:00,25.54265,33.579,31.90005,31.46247550665261,24.889351731319977,6.573123775332632,Trailing Stop
2023-07-14 00:00:00,2023-07-14 04:00:00,31.90005,31.90005,30.9430485,0.0,-3.0000000000000018,0.0,Hard SL
2023-07-14 04:00:00,2023-07-14 08:00:00,30.9430485,30.9430485,30.014757045,0.0,-3.0000000000000004,0.0,Hard SL
2023-07-14 08:00:00,2023-07-14 12:00:00,30.014757045,30.014757045,29.11431433365,0.0,-2.999999999999998,0.0,Hard SL
2023-07-14 12:00:00,2023-07-14 16:00:00,29.11431433365,29.11431433365,28.2408849036405,0.0,-3.0000000000000053,0.0,Hard SL
2023-07-14 16:00:00,2023-07-14 20:00:00,28.2408849036405,28.2408849036405,27.393658356531283,0.0,-3.0000000000000027,0.0,Hard SL
2023-07-14 20:00:00,2023-07-15 00:00:00,27.393658356531283,27.97,26.571848605835342,2.1039236014685225,-3.000000000000009,0.0,Hard SL
2023-07-15 00:00:00,2023-07-15 04:00:00,26.571848605835342,28.937,27.49015,8.900966693168865,3.4559183585104165,5.4450483346584475,Trailing Stop
2023-07-15 04:00:00,2023-07-15 12:00:00,27.49015,29.111,27.65545,5.896111880073411,0.601306286069732,5.294805594003679,Trailing Stop
2023-07-15 12:00:00,2023-07-16 00:00:00,27.65545,28.2,26.825786499999996,1.9690513081508383,-3.0000000000000084,0.0,Hard SL
2023-07-16 00:00:00,2023-07-16 20:00:00,26.825786499999996,28.708,27.272599999999997,7.016433609504805,1.6656119290295595,5.350821680475246,Trailing Stop
2023-07-16 20:00:00,2023-07-17 08:00:00,27.272599999999997,28.488,27.063599999999997,4.456487463608173,-0.7663369095722434,0.0,Trailing Stop
2023-07-17 08:00:00,2023-07-17 16:00:00,27.063599999999997,27.386,26.251692,1.1912679761746472,-2.9999999999999964,0.0,Hard SL
2023-07-17 16:00:00,2023-07-18 04:00:00,26.251692,27.098,25.7431,3.22382267779159,-1.9373684560979925,0.0,Trailing Stop
2023-07-18 04:00:00,2023-07-18 08:00:00,25.7431,26.125,24.970806999999997,1.4835043176618268,-3.000000000000005,0.0,Hard SL
2023-07-18 12:00:00,2023-07-20 12:00:00,25.512,27.386,26.016699999999997,7.3455628723737805,1.9782847287550804,5.367278143618699,Trailing Stop
2023-07-21 16:00:00,2023-07-22 20:00:00,25.782,25.965,25.00854,0.709797533162671,-3.0000000000000004,0.0,Hard SL
2023-07-26 12:00:00,2023-07-30 16:00:00,24.893,25.722,24.14621,3.330253484915441,-3.000000000000003,0.0,Hard SL
2023-08-08 08:00:00,2023-08-15 16:00:00,23.375,25.5,24.224999999999998,9.090909090909092,3.6363636363636274,5.454545454545464,Trailing Stop
2023-10-01 04:00:00,2023-10-01 08:00:00,21.35,24.4,23.179999999999996,14.28571428571427,8.571428571428546,5.714285714285724,Trailing Stop
2023-10-01 08:00:00,2023-10-01 16:00:00,23.179999999999996,23.428,22.484599999999997,1.0698878343399685,-2.999999999999998,0.0,Hard SL
2023-10-01 16:00:00,2023-10-01 20:00:00,22.484599999999997,24.506,23.2807,8.99015326045384,3.5406455974311433,5.449507663022695,Trailing Stop
2023-10-01 20:00:00,2023-10-02 12:00:00,23.2807,24.83,23.588499999999996,6.654868625084292,1.3221251938300684,5.332743431254224,Trailing Stop
2023-10-02 12:00:00,2023-10-02 16:00:00,23.588499999999996,24.294,22.880844999999997,2.990864192297112,-2.9999999999999964,0.0,Hard SL
2023-10-02 16:00:00,2023-10-03 16:00:00,22.880844999999997,24.777,23.538149999999998,8.287084677161198,2.8727304433031255,5.414354233858072,Trailing Stop
2023-10-03 16:00:00,2023-10-04 00:00:00,23.538149999999998,23.742,22.832005499999998,0.866040874070404,-3.000000000000003,0.0,Hard SL
2023-10-04 00:00:00,2023-10-04 12:00:00,22.832005499999998,23.85,22.6575,4.458629356934957,-0.7643021109118018,0.0,Trailing Stop
2023-10-04 12:00:00,2023-10-05 12:00:00,22.6575,23.75,22.5625,4.821802935010487,-0.4192872117400369,0.0,Trailing Stop
2023-10-05 12:00:00,2023-10-09 04:00:00,22.5625,24.208,22.9976,7.29307479224376,1.9284210526315724,5.364653739612188,Trailing Stop
2023-10-09 04:00:00,2023-10-09 08:00:00,22.9976,22.998,22.307671999999997,0.0017393119282125983,-3.000000000000008,0.0,Hard SL
2023-10-14 12:00:00,2023-10-16 12:00:00,22.069,25.048,23.795599999999997,13.498572658480217,7.8236440255562,5.6749286329240185,Trailing Stop
2023-10-16 12:00:00,2023-10-19 00:00:00,23.795599999999997,24.566,23.081731999999995,3.237573332885081,-3.0000000000000067,0.0,Hard SL
2023-10-19 00:00:00,2023-10-19 16:00:00,23.081731999999995,25.963,24.66485,12.482893398121105,6.85874872821505,5.624144669906054,Trailing Stop
2023-10-19 16:00:00,2023-10-21 04:00:00,24.66485,28.733,27.29635,16.493714739801778,10.669029002811689,5.82468573699009,Trailing Stop
2023-10-21 04:00:00,2023-10-21 08:00:00,27.29635,30.0,28.5,9.904804122162853,4.40956391605471,5.495240206108143,Trailing Stop
2023-10-21 08:00:00,2023-10-22 04:00:00,28.5,30.368,28.8496,6.554385964912275,1.2266666666666626,5.327719298245612,Trailing Stop
2023-10-22 04:00:00,2023-10-23 00:00:00,28.8496,30.751,29.213449999999998,6.5907326271421525,1.2611959957850347,5.329536631357118,Trailing Stop
2023-10-23 00:00:00,2023-10-23 08:00:00,29.213449999999998,31.374,29.8053,7.395737237471099,2.0259503755975445,5.369786861873554,Trailing Stop
2023-10-23 08:00:00,2023-10-23 12:00:00,29.8053,29.864,28.911140999999997,0.19694483866963844,-3.0000000000000067,0.0,Hard SL
2023-10-23 12:00:00,2023-10-23 20:00:00,28.911140999999997,32.929,31.28255,13.89726887638231,8.20240543256319,5.69486344381912,Trailing Stop
2023-10-23 20:00:00,2023-10-24 04:00:00,31.28255,32.585,30.95575,4.1635032949679625,-1.0446718697804436,0.0,Trailing Stop
2023-10-24 04:00:00,2023-10-24 12:00:00,30.95575,32.622,30.9909,5.3826833463896095,0.11354917907012937,5.269134167319481,Trailing Stop
2023-10-24 12:00:00,2023-10-24 16:00:00,30.9909,31.205,30.061173,0.6908479585942918,-2.999999999999999,0.0,Hard SL
2023-10-24 16:00:00,2023-10-25 00:00:00,30.061173,32.235,30.62325,7.2313445652969,1.8697773370320532,5.361567228264847,Trailing Stop
2023-10-25 00:00:00,2023-10-25 12:00:00,30.62325,33.96,32.262,10.89613284024394,5.3513261982317415,5.544806642012198,Trailing Stop
2023-10-25 12:00:00,2023-10-25 20:00:00,32.262,33.567,31.88865,4.045006509205876,-1.1572438162544234,0.0,Trailing Stop
2023-10-25 20:00:00,2023-10-26 08:00:00,31.88865,33.288,31.623599999999996,4.3882384484761765,-0.8311734739476342,0.0,Trailing Stop
2023-10-26 08:00:00,2023-10-26 16:00:00,31.623599999999996,32.393,30.77335,2.432993081116649,-2.688656572939183,0.0,Trailing Stop
2023-10-26 16:00:00,2023-10-26 20:00:00,30.77335,33.25,31.5875,8.048035069305094,2.6456333158398353,5.402401753465259,Trailing Stop
2023-10-26 20:00:00,2023-10-27 16:00:00,31.5875,33.422,31.750899999999994,5.807677087455476,0.5172932330826935,5.290383854372783,Trailing Stop
2023-10-27 16:00:00,2023-10-30 08:00:00,31.750899999999994,35.409,33.638549999999995,11.521248216586002,5.94518580575669,5.576062410829312,Trailing Stop
2023-10-30 08:00:00,2023-10-31 20:00:00,33.638549999999995,38.619,36.68805,14.805780867486874,9.06549182411252,5.740289043374353,Trailing Stop
2023-10-31 20:00:00,2023-11-01 12:00:00,36.68805,41.999,39.89905,14.475966970171502,8.752168621662928,5.723798348508574,Trailing Stop
2023-11-01 12:00:00,2023-11-01 16:00:00,39.89905,46.8,44.459999999999994,17.296025845226875,11.431224552965524,5.864801292261351,Trailing Stop
2023-11-01 16:00:00,2023-11-01 20:00:00,44.459999999999994,44.459999999999994,43.12619999999999,0.0,-3.0000000000000084,0.0,Hard SL
2023-11-01 20:00:00,2023-11-02 00:00:00,43.12619999999999,43.12619999999999,41.832413999999986,0.0,-3.0000000000000107,0.0,Hard SL
2023-11-02 00:00:00,2023-11-02 04:00:00,41.832413999999986,43.419,41.24804999999999,3.7927192057336487,-1.3969167545530454,0.0,Trailing Stop
2023-11-02 04:00:00,2023-11-02 12:00:00,41.24804999999999,44.559,40.01060849999999,8.02692490917754,-3.000000000000007,0.0,Hard SL
2023-11-02 12:00:00,2023-11-02 16:00:00,40.01060849999999,41.554,38.81029024499999,3.8574557045289954,-2.9999999999999987,0.0,Hard SL
2023-11-02 16:00:00,2023-11-02 20:00:00,38.81029024499999,42.13,40.0235,8.553684432771531,3.126000211132945,5.427684221638587,Trailing Stop
2023-11-02 20:00:00,2023-11-03 00:00:00,40.0235,40.27,38.822795,0.6158881657026612,-2.9999999999999982,0.0,Hard SL
2023-11-03 00:00:00,2023-11-04 00:00:00,38.822795,41.237,39.17515,6.218524451936041,0.9075982293392397,5.310926222596802,Trailing Stop
2023-11-04 00:00:00,2023-11-05 12:00:00,39.17515,42.896,40.7512,9.49798532998597,4.023086063486661,5.474899266499308,Trailing Stop
2023-11-05 12:00:00,2023-11-06 04:00:00,40.7512,41.871,39.77745,2.7478945405288804,-2.3895001864975645,0.0,Trailing Stop
2023-11-06 04:00:00,2023-11-06 20:00:00,39.77745,42.241,40.128949999999996,6.193333157354224,0.8836664994865039,5.30966665786772,Trailing Stop
2023-11-06 20:00:00,2023-11-07 00:00:00,40.128949999999996,42.329,40.21255,5.482450948753966,0.208328401316267,5.274122547437699,Trailing Stop
2023-11-07 00:00:00,2023-11-07 16:00:00,40.21255,44.404,42.1838,10.42323851633384,4.902076590517134,5.521161925816705,Trailing Stop
2023-11-07 16:00:00,2023-11-08 00:00:00,42.1838,45.0,42.75,6.676022548940594,1.342221421493564,5.33380112744703,Trailing Stop
2023-11-08 00:00:00,2023-11-09 08:00:00,42.75,47.529,45.15255,11.17894736842106,5.619999999999995,5.558947368421065,Trailing Stop
2023-11-09 08:00:00,2023-11-09 12:00:00,45.15255,49.0,46.55,8.52100268977057,3.094952555282037,5.426050134488534,Trailing Stop
2023-11-09 12:00:00,2023-11-09 16:00:00,46.55,46.877,45.153499999999994,0.7024704618689696,-3.000000000000007,0.0,Hard SL
2023-11-09 16:00:00,2023-11-09 20:00:00,45.153499999999994,45.759,43.798894999999995,1.3409813192775897,-2.999999999999999,0.0,Hard SL
2023-11-09 20:00:00,2023-11-10 00:00:00,43.798894999999995,48.0,45.599999999999994,9.59180591199848,4.112215616398542,5.479590295599937,Trailing Stop
2023-11-10 00:00:00,2023-11-10 08:00:00,45.599999999999994,51.3,48.73499999999999,12.500000000000009,6.8749999999999964,5.6250000000000115,Trailing Stop
2023-11-10 08:00:00,2023-11-10 12:00:00,48.73499999999999,52.026,49.4247,6.752847029855364,1.415204678362592,5.3376423514927716,Trailing Stop
2023-11-10 12:00:00,2023-11-10 16:00:00,49.4247,54.999,52.24905,11.278368912709638,5.714450467074146,5.563918445635492,Trailing Stop
2023-11-10 16:00:00,2023-11-10 20:00:00,52.24905,57.573,54.69435,10.189563255217088,4.680085092456233,5.509478162760855,Trailing Stop
2023-11-10 20:00:00,2023-11-11 00:00:00,54.69435,57.813,54.92235,5.701960074486674,0.41686207076233933,5.285098003724334,Trailing Stop
2023-11-11 00:00:00,2023-11-11 12:00:00,54.92235,64.036,60.834199999999996,16.593700014657056,10.764015013924192,5.829685000732863,Trailing Stop
2023-11-11 12:00:00,2023-11-11 16:00:00,60.834199999999996,62.624,59.009173999999994,2.94209507152228,-3.0000000000000018,0.0,Hard SL
2023-11-11 16:00:00,2023-11-11 20:00:00,59.009173999999994,60.566,57.23889877999999,2.6382779057371795,-3.0000000000000036,0.0,Hard SL
2023-11-11 20:00:00,2023-11-12 00:00:00,57.23889877999999,57.979,55.52173181659999,1.2930039462230318,-3.000000000000007,0.0,Hard SL
2023-11-12 00:00:00,2023-11-12 04:00:00,55.52173181659999,61.943,58.84585,11.565324015127652,5.987057814371272,5.578266200756381,Trailing Stop
2023-11-12 04:00:00,2023-11-12 08:00:00,58.84585,61.555,58.47725,4.60380808502214,-0.6263823192289698,0.0,Trailing Stop
2023-11-12 08:00:00,2023-11-12 16:00:00,58.47725,60.445,56.7229325,3.3649838184935206,-2.9999999999999987,0.0,Hard SL
2023-11-12 16:00:00,2023-11-13 00:00:00,56.7229325,59.5,56.525,4.895846137715114,-0.34894616917064414,0.0,Trailing Stop
2023-11-13 00:00:00,2023-11-13 08:00:00,56.525,59.743,56.75585,5.693056169836362,0.4084033613445445,5.284652808491817,Trailing Stop
2023-11-13 08:00:00,2023-11-13 12:00:00,56.75585,59.959,55.0531745,5.643735403487042,-3.000000000000009,0.0,Hard SL
2023-11-13 12:00:00,2023-11-13 16:00:00,55.0531745,56.989,53.401579264999995,3.516283152754434,-3.0000000000000036,0.0,Hard SL
2023-11-13 16:00:00,2023-11-13 20:00:00,53.401579264999995,54.739,51.799531887049994,2.504459144107303,-3.0000000000000018,0.0,Hard SL
2023-11-13 20:00:00,2023-11-14 00:00:00,51.799531887049994,54.865,52.12175,5.917945589999399,0.6220483104994229,5.295897279499976,Trailing Stop
2023-11-14 00:00:00,2023-11-14 08:00:00,52.12175,55.88,53.086,7.210521519327353,1.8499954433609764,5.3605260759663755,Trailing Stop
2023-11-14 08:00:00,2023-11-14 12:00:00,53.086,58.191,55.28145,9.616471386052828,4.135647816750181,5.480823569302646,Trailing Stop
2023-11-14 12:00:00,2023-11-14 16:00:00,55.28145,57.097,53.623006499999995,3.284193884205284,-3.0000000000000075,0.0,Hard SL
2023-11-14 16:00:00,2023-11-15 04:00:00,53.623006499999995,59.794,56.8043,11.508107998383123,5.932702598463969,5.575405399919154,Trailing Stop
2023-11-15 04:00:00,2023-11-15 08:00:00,56.8043,63.726,60.539699999999996,12.185169080509754,6.57591062648426,5.609258454025492,Trailing Stop
2023-11-15 08:00:00,2023-11-15 16:00:00,60.539699999999996,65.884,62.5898,8.82776095685972,3.3863729090167287,5.441388047842992,Trailing Stop
2023-11-15 16:00:00,2023-11-16 04:00:00,62.5898,68.356,64.9382,9.212683216754163,3.7520490559164568,5.460634160837707,Trailing Stop
2023-11-16 04:00:00,2023-11-16 12:00:00,64.9382,66.13,62.99005399999999,1.8352833925178103,-3.000000000000002,0.0,Hard SL
2023-11-16 12:00:00,2023-11-16 16:00:00,62.99005399999999,62.99005399999999,61.10035237999999,0.0,-3.0000000000000067,0.0,Hard SL
2023-11-16 16:00:00,2023-11-16 20:00:00,61.10035237999999,62.899,59.26734180859999,2.94375981469587,-3.000000000000005,0.0,Hard SL
2023-11-16 20:00:00,2023-11-17 08:00:00,59.26734180859999,60.618,57.489321554341984,2.2789248685420675,-3.0000000000000053,0.0,Hard SL
2023-11-17 08:00:00,2023-11-17 12:00:00,57.489321554341984,59.684,55.76464190771172,3.8175410429630583,-3.000000000000008,0.0,Hard SL
2023-11-17 16:00:00,2023-11-18 00:00:00,57.585,59.523,56.54685,3.365459755144573,-1.8028132326126625,0.0,Trailing Stop
2023-11-18 00:00:00,2023-11-18 04:00:00,56.54685,57.494,54.850444499999995,1.674982779765806,-3.000000000000008,0.0,Hard SL
2023-11-18 04:00:00,2023-11-19 04:00:00,54.850444499999995,60.958,57.91009999999999,11.13492434869877,5.57817813126382,5.556746217434949,Trailing Stop
2023-11-19 04:00:00,2023-11-20 12:00:00,57.91009999999999,62.151,59.04345,7.3232475854816546,1.9570852062075654,5.36616237927409,Trailing Stop
2023-11-20 12:00:00,2023-11-20 16:00:00,59.04345,59.427,57.2721465,0.6496063492224787,-3.0000000000000036,0.0,Hard SL
2023-11-22 16:00:00,2023-11-23 12:00:00,57.313,59.688,56.7036,4.143911503498334,-1.0632840716765843,0.0,Trailing Stop
2023-11-24 00:00:00,2023-11-25 00:00:00,57.277,59.869,56.87555,4.525376678247811,-0.7008921556645845,0.0,Trailing Stop
2023-11-25 00:00:00,2023-11-26 12:00:00,56.87555,59.738,56.751099999999994,5.032830451749482,-0.21881107083800166,0.0,Trailing Stop
2023-11-26 20:00:00,2023-11-27 04:00:00,57.593,58.11,55.865210000000005,0.8976785373222369,-2.999999999999998,0.0,Hard SL
2023-11-28 16:00:00,2023-11-29 20:00:00,58.03,61.799,58.70905,6.4949164225400615,1.1701706014130564,5.324745821127006,Trailing Stop
2023-11-29 20:00:00,2023-12-01 00:00:00,58.70905,61.762,58.673899999999996,5.200135243203565,-0.059871518956620094,0.0,Trailing Stop
2023-12-01 00:00:00,2023-12-03 16:00:00,58.673899999999996,65.622,62.3409,11.841892221243183,6.24979761018102,5.592094611062163,Trailing Stop
2023-12-03 16:00:00,2023-12-04 08:00:00,62.3409,65.34,60.470673,4.8108063887431936,-3.0,0.0,Hard SL
2023-12-04 08:00:00,2023-12-05 04:00:00,60.470673,62.288,59.17359999999999,3.0053030830333225,-2.1449620711183495,0.0,Trailing Stop
2023-12-05 12:00:00,2023-12-06 00:00:00,60.999,64.55,61.32249999999999,5.821406908309964,0.530336562894455,5.291070345415509,Trailing Stop
2023-12-06 00:00:00,2023-12-06 08:00:00,61.32249999999999,66.797,63.45714999999999,8.927392066533503,3.4810224632068176,5.446369603326685,Trailing Stop
2023-12-06 08:00:00,2023-12-06 20:00:00,63.45714999999999,64.666,61.55343549999999,1.9049862781420304,-2.9999999999999996,0.0,Hard SL
2023-12-06 20:00:00,2023-12-07 20:00:00,61.55343549999999,69.546,66.0687,12.984757771968741,7.335519883370305,5.649237888598437,Trailing Stop
2023-12-07 20:00:00,2023-12-08 00:00:00,66.0687,72.41,68.78949999999999,9.598039616338735,4.118137635521786,5.479901980816948,Trailing Stop
2023-12-08 00:00:00,2023-12-09 04:00:00,68.78949999999999,77.879,73.98505,13.213499153213814,7.552824195553118,5.660674957660697,Trailing Stop
2023-12-09 04:00:00,2023-12-09 16:00:00,73.98505,77.696,73.8112,5.015810626606316,-0.2349799047239971,0.0,Trailing Stop
2023-12-09 16:00:00,2023-12-09 20:00:00,73.8112,74.447,71.596864,0.8613868897945071,-3.000000000000004,0.0,Hard SL
2023-12-09 20:00:00,2023-12-11 00:00:00,71.596864,75.024,69.44895808,4.786712445952947,-2.9999999999999996,0.0,Hard SL
2023-12-11 00:00:00,2023-12-11 12:00:00,69.44895808,71.22,67.3654893376,2.5501346153528957,-3.0000000000000013,0.0,Hard SL
2023-12-11 12:00:00,2023-12-12 12:00:00,67.3654893376,72.479,68.85504999999999,7.5906977187886335,2.2111628328491904,5.379534885939443,Trailing Stop
2023-12-12 20:00:00,2023-12-13 00:00:00,68.644,68.823,66.58468,0.2607656896451078,-2.999999999999999,0.0,Hard SL
2023-12-13 16:00:00,2023-12-14 12:00:00,70.335,73.858,68.22494999999999,5.008886045354391,-3.0000000000000018,0.0,Hard SL
2023-12-14 12:00:00,2023-12-15 12:00:00,68.22494999999999,79.679,75.69505,16.78865283155211,10.949220189974493,5.839432641577616,Trailing Stop
2023-12-15 12:00:00,2023-12-15 16:00:00,75.69505,77.495,73.62025,2.377896573157703,-2.7409982555001897,0.0,Trailing Stop
2023-12-15 16:00:00,2023-12-15 20:00:00,73.62025,77.273,73.40934999999999,4.961610426479124,-0.2864700948448415,0.0,Trailing Stop
2023-12-15 20:00:00,2023-12-16 20:00:00,73.40934999999999,77.24,73.37799999999999,5.218204493024398,-0.04270573162683408,0.0,Trailing Stop
2023-12-16 20:00:00,2023-12-17 20:00:00,73.37799999999999,75.149,71.17665999999998,2.413529940854228,-3.000000000000003,0.0,Hard SL
2023-12-18 16:00:00,2023-12-18 20:00:00,72.324,75.515,71.73925,4.412090039267743,-0.8085144626956469,0.0,Trailing Stop
2023-12-18 20:00:00,2023-12-19 16:00:00,71.73925,76.384,72.56479999999999,6.474489209184655,1.1507647487254085,5.323724460459245,Trailing Stop
2023-12-19 16:00:00,2023-12-20 12:00:00,72.56479999999999,81.388,77.3186,12.159063347518376,6.551110180142457,5.60795316737592,Trailing Stop
2023-12-20 12:00:00,2023-12-20 16:00:00,77.3186,84.19,79.98049999999999,8.887124184866247,3.442767975622927,5.4443562092433195,Trailing Stop
2023-12-20 16:00:00,2023-12-21 16:00:00,79.98049999999999,95.817,91.02614999999999,19.800451360019007,13.810428792018048,5.990022568000961,Trailing Stop
2023-12-21 16:00:00,2023-12-22 00:00:00,91.02614999999999,99.733,94.74634999999999,9.565218346596026,4.086957429266212,5.478260917329814,Trailing Stop
2023-12-22 00:00:00,2023-12-22 04:00:00,94.74634999999999,99.5,94.52499999999999,5.017238131073132,-0.23362377548053417,0.0,Trailing Stop
2023-12-22 04:00:00,2023-12-22 08:00:00,94.52499999999999,95.308,91.68924999999999,0.8283522877545788,-3.000000000000005,0.0,Hard SL
2023-12-22 08:00:00,2023-12-23 00:00:00,91.68924999999999,98.5,93.57499999999999,7.428079082335186,2.056675128218414,5.371403954116772,Trailing Stop
2023-12-23 00:00:00,2023-12-23 16:00:00,93.57499999999999,103.86,98.667,10.991183542612891,5.441624365482248,5.549559177130643,Trailing Stop
2023-12-23 16:00:00,2023-12-23 20:00:00,98.667,110.388,104.8686,11.879351758946765,6.285384170999421,5.593967587947343,Trailing Stop
2023-12-23 20:00:00,2023-12-24 00:00:00,104.8686,118.7,112.765,13.189267330735799,7.529803964199007,5.659463366536792,Trailing Stop
2023-12-24 00:00:00,2023-12-24 04:00:00,112.765,118.36,112.442,4.961645900767081,-0.28643639427127876,0.0,Trailing Stop
2023-12-24 04:00:00,2023-12-24 08:00:00,112.442,114.857,109.06873999999999,2.1477739634656148,-3.0000000000000018,0.0,Hard SL
2023-12-24 08:00:00,2023-12-24 20:00:00,109.06873999999999,117.0,111.14999999999999,7.271799417504969,1.908209446629713,5.363589970875256,Trailing Stop
2023-12-24 20:00:00,2023-12-25 12:00:00,111.14999999999999,124.378,118.1591,11.901034637876752,6.30598290598291,5.595051731893842,Trailing Stop
2023-12-25 12:00:00,2023-12-25 20:00:00,118.1591,126.938,120.5911,7.429728222371368,2.058241811252796,5.371486411118572,Trailing Stop
2023-12-25 20:00:00,2023-12-26 00:00:00,120.5911,121.457,116.973367,0.7180463566548413,-3.000000000000001,0.0,Hard SL
2023-12-26 00:00:00,2023-12-26 04:00:00,116.973367,120.8,113.46416599,3.271371166053552,-2.9999999999999987,0.0,Hard SL
2023-12-26 04:00:00,2023-12-26 12:00:00,113.46416599,117.249,111.38654999999999,3.3357086591845815,-1.831076773774656,0.0,Trailing Stop
2023-12-26 12:00:00,2023-12-26 16:00:00,111.38654999999999,113.183,108.04495349999998,1.6128069322553051,-3.000000000000008,0.0,Hard SL
2023-12-26 16:00:00,2023-12-26 20:00:00,108.04495349999998,113.212,107.5514,4.782311743972408,-0.45680384322621426,0.0,Trailing Stop
2023-12-26 20:00:00,2023-12-27 12:00:00,107.5514,115.5,109.725,7.390512815267862,2.020987174504463,5.369525640763399,Trailing Stop
2023-12-27 12:00:00,2023-12-27 16:00:00,109.725,110.553,106.43324999999999,0.754613807245389,-3.0000000000000067,0.0,Hard SL
2023-12-27 16:00:00,2023-12-28 00:00:00,106.43324999999999,111.139,103.24025249999998,4.421315707262543,-3.0000000000000044,0.0,Hard SL
2023-12-28 00:00:00,2023-12-28 12:00:00,103.24025249999998,106.622,100.14304492499998,3.2756094818733787,-2.999999999999999,0.0,Hard SL
2023-12-29 00:00:00,2023-12-29 12:00:00,104.968,110.198,104.68809999999999,4.982470848258507,-0.2666526941544204,0.0,Trailing Stop
2023-12-29 12:00:00,2023-12-29 16:00:00,104.68809999999999,108.237,102.82515,3.3899746007425904,-1.7795241292945407,0.0,Trailing Stop
2023-12-29 16:00:00,2023-12-30 08:00:00,102.82515,107.651,102.26844999999999,4.693258410029067,-0.5414045104723956,0.0,Trailing Stop
2023-12-30 12:00:00,2023-12-31 00:00:00,104.334,105.0,101.20398,0.6383345793317584,-3.0000000000000018,0.0,Hard SL
2023-12-31 04:00:00,2023-12-31 20:00:00,104.069,105.338,100.94693,1.2193832937762363,-3.0000000000000075,0.0,Hard SL
2024-01-01 00:00:00,2024-01-02 12:00:00,103.181,117.1,111.24499999999999,13.489886703947429,7.815392368750055,5.674494335197375,Trailing Stop
2024-01-02 12:00:00,2024-01-02 16:00:00,111.24499999999999,111.24499999999999,107.90764999999999,0.0,-3.000000000000001,0.0,Hard SL
2024-01-02 16:00:00,2024-01-03 08:00:00,107.90764999999999,109.95,104.67042049999999,1.8926832342285402,-2.9999999999999987,0.0,Hard SL
2024-01-04 16:00:00,2024-01-05 00:00:00,105.176,108.3,102.02072,2.9702593747622985,-3.0000000000000044,0.0,Hard SL
2024-01-08 16:00:00,2024-01-09 00:00:00,99.239,99.835,96.26183,0.6005703402895932,-3.000000000000001,0.0,Hard SL
2024-01-09 00:00:00,2024-01-09 12:00:00,96.26183,103.971,98.77244999999999,8.008542949993783,2.6081158024940816,5.400427147499701,Trailing Stop
2024-01-09 12:00:00,2024-01-09 20:00:00,98.77244999999999,108.0,95.8092765,9.34223055113041,-2.9999999999999964,0.0,Hard SL
2024-01-09 20:00:00,2024-01-10 12:00:00,95.8092765,100.467,92.934998205,4.861453577514494,-2.9999999999999964,0.0,Hard SL
2024-01-10 20:00:00,2024-01-11 04:00:00,102.063,102.231,99.00111,0.1646042150436418,-3.000000000000005,0.0,Hard SL
2024-01-11 04:00:00,2024-01-11 12:00:00,99.00111,107.341,101.97394999999999,8.42403686180892,3.002835018718468,5.4212018430904525,Trailing Stop
2024-01-11 12:00:00,2024-01-11 16:00:00,101.97394999999999,101.97394999999999,98.91473149999999,0.0,-3.0000000000000004,0.0,Hard SL
2024-01-11 16:00:00,2024-01-12 12:00:00,98.91473149999999,102.393,95.94728955499998,3.5164312203587325,-3.000000000000005,0.0,Hard SL
2024-01-14 04:00:00,2024-01-14 16:00:00,98.307,102.949,97.80154999999999,4.721942486292935,-0.5141546380217181,0.0,Trailing Stop
2024-01-16 04:00:00,2024-01-16 12:00:00,97.743,98.31,94.81070999999999,0.5800926920597969,-3.0000000000000093,0.0,Hard SL
2024-01-16 12:00:00,2024-01-17 08:00:00,94.81070999999999,102.864,97.7208,8.494072030469995,3.0693684289464884,5.4247036015235075,Trailing Stop
2024-01-17 08:00:00,2024-01-17 16:00:00,97.7208,102.76,97.622,5.1567322412424055,-0.10110437081972017,0.0,Trailing Stop
2024-01-17 16:00:00,2024-01-18 08:00:00,97.622,103.635,98.45325,6.159472250107563,0.8514986376021769,5.307973612505386,Trailing Stop
2024-01-18 08:00:00,2024-01-18 16:00:00,98.45325,99.2,95.4996525,0.7584818175123785,-3.000000000000001,0.0,Hard SL
2024-01-29 08:00:00,2024-01-30 20:00:00,97.428,106.5,101.175,9.311491563000372,3.8459169848503514,5.465574578150021,Trailing Stop
2024-01-30 20:00:00,2024-01-31 08:00:00,101.175,101.925,98.13974999999999,0.7412898443291327,-3.000000000000005,0.0,Hard SL
2024-01-31 08:00:00,2024-01-31 20:00:00,98.13974999999999,102.719,97.58304999999999,4.666050198823619,-0.567252311117571,0.0,Trailing Stop
2024-01-31 20:00:00,2024-02-01 00:00:00,97.58304999999999,97.677,94.65555849999998,0.09627696613297172,-3.0000000000000027,0.0,Hard SL
2024-02-01 16:00:00,2024-02-03 12:00:00,97.833,102.573,97.44434999999999,4.84499095397258,-0.39725859372605626,0.0,Trailing Stop
2024-02-03 12:00:00,2024-02-05 00:00:00,97.44434999999999,98.744,94.52101949999998,1.3337356142249541,-3.0000000000000067,0.0,Hard SL
2024-02-05 04:00:00,2024-02-05 20:00:00,97.537,98.659,94.61089,1.1503326942596142,-3.0000000000000084,0.0,Hard SL
2024-02-06 16:00:00,2024-02-07 08:00:00,97.546,97.869,94.61962,0.3311258278145626,-3.000000000000009,0.0,Hard SL
2024-02-07 16:00:00,2024-02-12 00:00:00,97.079,110.839,105.29705,14.174023218203738,8.46532205729355,5.708701160910187,Trailing Stop
2024-02-12 00:00:00,2024-02-13 12:00:00,105.29705,115.333,109.56635,9.531083729316252,4.054529542850442,5.476554186465811,Trailing Stop
2024-02-13 12:00:00,2024-02-15 20:00:00,109.56635,118.837,112.89515,8.461220073498847,3.038159069823902,5.423061003674945,Trailing Stop
2024-02-15 20:00:00,2024-02-16 12:00:00,112.89515,114.362,109.5082955,1.2993029372829514,-2.9999999999999987,0.0,Hard SL
2024-02-16 20:00:00,2024-02-17 12:00:00,110.392,111.163,107.08023999999999,0.6984201753750279,-3.000000000000006,0.0,Hard SL
2024-02-18 08:00:00,2024-02-20 00:00:00,111.834,115.022,109.2709,2.8506536473702115,-2.2918790349983063,0.0,Trailing Stop
2024-02-20 08:00:00,2024-02-20 12:00:00,110.481,110.899,107.16657,0.3783455978856151,-3.0000000000000018,0.0,Hard SL
2024-02-26 12:00:00,2024-02-26 16:00:00,105.087,110.506,104.9807,5.156679703483777,-0.10115428169041318,0.0,Trailing Stop
2024-02-26 16:00:00,2024-02-27 12:00:00,104.9807,112.51,106.8845,7.1720802014084555,1.8134761913380308,5.358604010070424,Trailing Stop
2024-02-27 12:00:00,2024-02-28 08:00:00,106.8845,115.333,109.56635,7.904326632954259,2.509110301306548,5.395216331647711,Trailing Stop
2024-02-28 08:00:00,2024-02-28 16:00:00,109.56635,117.275,106.2793595,7.035599889929714,-3.0000000000000018,0.0,Hard SL
2024-02-28 16:00:00,2024-02-28 20:00:00,106.2793595,119.497,113.52215,12.43669566902123,6.814860885570163,5.621834783451066,Trailing Stop
2024-02-28 20:00:00,2024-02-29 00:00:00,113.52215,124.657,118.42415,9.808526353667544,4.318100035984168,5.490426317683377,Trailing Stop
2024-02-29 00:00:00,2024-02-29 08:00:00,118.42415,133.209,126.54854999999999,12.484657901281121,6.8604250062170555,5.624232895064066,Trailing Stop
2024-02-29 08:00:00,2024-02-29 12:00:00,126.54854999999999,134.835,128.09325,6.548040258066977,1.220638245163631,5.327402012903345,Trailing Stop
2024-02-29 12:00:00,2024-02-29 16:00:00,128.09325,133.251,126.58845,4.026558776516321,-1.174769162309503,0.0,Trailing Stop
2024-02-29 16:00:00,2024-02-29 20:00:00,126.58845,132.114,122.79079649999998,4.364971685805466,-3.000000000000008,0.0,Hard SL
2024-02-29 20:00:00,2024-03-01 00:00:00,122.79079649999998,137.415,130.54424999999998,11.909853113461976,6.314360457788864,5.595492655673111,Trailing Stop
2024-03-01 00:00:00,2024-03-01 08:00:00,130.54424999999998,137.996,131.0962,5.708217711618883,0.4228068260379401,5.285410885580943,Trailing Stop
2024-03-01 08:00:00,2024-03-02 00:00:00,131.0962,135.575,128.79625,3.4164224439762387,-1.7543986782225753,0.0,Trailing Stop
2024-03-02 00:00:00,2024-03-03 04:00:00,128.79625,131.579,124.93236249999998,2.160583091510833,-3.0000000000000036,0.0,Hard SL
2024-03-03 04:00:00,2024-03-04 16:00:00,124.93236249999998,135.219,128.45805,8.233765290398646,2.8220770258787065,5.411688264519938,Trailing Stop
2024-03-04 16:00:00,2024-03-05 12:00:00,128.45805,143.143,135.98585,11.431708639513067,5.860123207537414,5.571585431975654,Trailing Stop
2024-03-05 12:00:00,2024-03-05 16:00:00,135.98585,140.832,131.9062745,3.5637163719607554,-3.000000000000003,0.0,Hard SL
2024-03-05 20:00:00,2024-03-06 00:00:00,125.358,126.922,121.59726,1.247626796853805,-2.9999999999999987,0.0,Hard SL
2024-03-06 04:00:00,2024-03-06 08:00:00,133.32,135.121,129.32039999999998,1.350885088508863,-3.0000000000000115,0.0,Hard SL
2024-03-06 08:00:00,2024-03-06 12:00:00,129.32039999999998,132.333,125.44078799999997,2.329562853192552,-3.000000000000007,0.0,Hard SL
2024-03-06 12:00:00,2024-03-07 00:00:00,125.44078799999997,141.967,134.86865,13.174512264702967,7.515786651467811,5.658725613235156,Trailing Stop
2024-03-07 00:00:00,2024-03-07 12:00:00,134.86865,149.477,142.00315,10.831538685973353,5.289961751674687,5.541576934298666,Trailing Stop
2024-03-07 12:00:00,2024-03-08 04:00:00,142.00315,149.631,142.14945,5.371606193242893,0.10302588358074911,5.268580309662144,Trailing Stop
2024-03-08 04:00:00,2024-03-08 12:00:00,142.14945,152.9,145.255,7.562850225590043,2.184707714310533,5.37814251127951,Trailing Stop
2024-03-08 12:00:00,2024-03-08 16:00:00,145.255,150.938,143.3911,3.912429864720659,-1.2831916285153704,0.0,Trailing Stop
2024-03-08 16:00:00,2024-03-10 12:00:00,143.3911,149.319,141.85305,4.134078056448408,-1.0726258463740068,0.0,Trailing Stop
2024-03-10 12:00:00,2024-03-11 00:00:00,141.85305,145.481,137.5974585,2.5575410609782434,-3.000000000000006,0.0,Hard SL
2024-03-11 00:00:00,2024-03-11 04:00:00,137.5974585,148.75,141.3125,8.105194399357321,2.6999346793894543,5.405259719967867,Trailing Stop
2024-03-11 04:00:00,2024-03-12 00:00:00,141.3125,155.3,147.535,9.898275099513498,4.403361344537813,5.494913754975685,Trailing Stop
2024-03-12 00:00:00,2024-03-12 16:00:00,147.535,154.8,143.10895,4.924255261463392,-3.0000000000000027,0.0,Hard SL
2024-03-12 16:00:00,2024-03-13 12:00:00,143.10895,159.591,151.61145,11.51713432318525,5.941277607025974,5.575856716159275,Trailing Stop
2024-03-13 12:00:00,2024-03-14 12:00:00,151.61145,174.599,165.86905,15.162146394615975,9.404039074885173,5.758107319730802,Trailing Stop
2024-03-14 12:00:00,2024-03-14 16:00:00,165.86905,170.45,160.89297849999997,2.7617870844500536,-3.0000000000000107,0.0,Hard SL
2024-03-14 16:00:00,2024-03-14 20:00:00,160.89297849999997,178.7,169.765,11.067618777409868,5.514237838539373,5.553380938870496,Trailing Stop
2024-03-14 20:00:00,2024-03-15 00:00:00,169.765,187.088,177.7336,10.204105675492597,4.6939003917179685,5.510205283774629,Trailing Stop
2024-03-15 00:00:00,2024-03-15 04:00:00,177.7336,182.181,172.401592,2.5022843176529457,-3.0000000000000013,0.0,Hard SL
2024-03-15 04:00:00,2024-03-15 08:00:00,172.401592,177.43,167.22954424,2.916683043158913,-2.9999999999999987,0.0,Hard SL
2024-03-15 08:00:00,2024-03-15 12:00:00,167.22954424,185.0,175.75,10.626385332065894,5.095066065462599,5.531319266603294,Trailing Stop
2024-03-15 12:00:00,2024-03-15 16:00:00,175.75,189.25,179.7875,7.681365576102419,2.297297297297294,5.384068278805124,Trailing Stop
2024-03-15 16:00:00,2024-03-15 20:00:00,179.7875,185.714,176.42829999999998,3.296391573385249,-1.8684280052840248,0.0,Trailing Stop
2024-03-15 20:00:00,2024-03-16 12:00:00,176.42829999999998,198.269,188.35555,12.379363174728788,6.760395015992342,5.618968158736445,Trailing Stop
2024-03-16 12:00:00,2024-03-16 16:00:00,188.35555,195.902,182.7048835,4.006491977539283,-3.0,0.0,Hard SL
2024-03-16 16:00:00,2024-03-16 20:00:00,182.7048835,186.132,177.223736995,1.8757662271244167,-2.999999999999999,0.0,Hard SL
2024-03-16 20:00:00,2024-03-17 04:00:00,177.223736995,189.54,180.063,6.9495560887238685,1.602078284287672,5.3474778044361955,Trailing Stop
2024-03-17 04:00:00,2024-03-17 08:00:00,180.063,193.988,184.2886,7.73340441956427,2.3467341985860584,5.386670220978211,Trailing Stop
2024-03-17 08:00:00,2024-03-18 00:00:00,184.2886,205.788,195.4986,11.666158405891633,6.082850485597051,5.5833079202945815,Trailing Stop
2024-03-18 00:00:00,2024-03-18 08:00:00,195.4986,210.425,199.90375,7.635041887767994,2.25328979337959,5.381752094388405,Trailing Stop
2024-03-18 08:00:00,2024-03-18 12:00:00,199.90375,209.596,199.1162,4.848458320566773,-0.393964595461571,0.0,Trailing Stop
2024-03-18 12:00:00,2024-03-18 16:00:00,199.1162,206.5,196.17499999999998,3.7082869198990376,-1.4771274260959226,0.0,Trailing Stop
2024-03-18 16:00:00,2024-03-19 00:00:00,196.17499999999998,205.0,190.28974999999997,4.498534471772661,-3.000000000000007,0.0,Hard SL
2024-03-19 00:00:00,2024-03-19 04:00:00,190.28974999999997,190.28974999999997,184.58105749999996,0.0,-3.0000000000000067,0.0,Hard SL
2024-03-19 04:00:00,2024-03-19 08:00:00,184.58105749999996,186.293,179.04362577499995,0.9274746407821666,-3.0000000000000036,0.0,Hard SL
2024-03-19 08:00:00,2024-03-19 12:00:00,179.04362577499995,186.044,176.7418,3.9098706779973664,-1.285622855902501,0.0,Trailing Stop
2024-03-19 12:00:00,2024-03-19 20:00:00,176.7418,186.433,171.439546,5.483252971283522,-3.0000000000000027,0.0,Hard SL
2024-03-20 16:00:00,2024-03-20 20:00:00,182.74,193.39,183.7205,5.8279522819305996,0.5365546678340691,5.29139761409653,Trailing Stop
2024-03-20 20:00:00,2024-03-21 04:00:00,183.7205,195.933,186.13635,6.647325693104475,1.314959408449251,5.332366284655224,Trailing Stop
2024-03-21 04:00:00,2024-03-21 16:00:00,186.13635,191.824,180.5522595,3.055636365492296,-3.0000000000000013,0.0,Hard SL
2024-03-21 20:00:00,2024-03-22 08:00:00,179.535,182.052,174.14894999999999,1.4019550505472447,-3.0000000000000067,0.0,Hard SL
2024-03-24 20:00:00,2024-03-26 16:00:00,184.019,196.808,186.96759999999998,6.949825833201999,1.60233454154189,5.347491291660108,Trailing Stop
2024-03-26 16:00:00,2024-03-27 12:00:00,186.96759999999998,193.0,181.35857199999998,3.226441372729834,-2.999999999999998,0.0,Hard SL
2024-03-27 20:00:00,2024-04-01 04:00:00,186.448,204.755,194.51725,9.818823478932456,4.327882304985831,5.490941173946625,Trailing Stop
2024-04-01 04:00:00,2024-04-01 12:00:00,194.51725,198.187,188.68173249999998,1.886593605451456,-3.000000000000005,0.0,Hard SL
2024-04-01 16:00:00,2024-04-02 00:00:00,193.435,194.187,187.63195,0.38876108253418956,-3.0000000000000067,0.0,Hard SL
2024-04-03 04:00:00,2024-04-03 20:00:00,189.65,191.832,183.9605,1.1505404692855195,-3.000000000000005,0.0,Hard SL
2024-04-08 08:00:00,2024-04-09 00:00:00,182.891,183.763,177.40427,0.4767867199588904,-2.9999999999999973,0.0,Hard SL
2024-05-16 16:00:00,2024-05-17 04:00:00,159.007,169.826,161.3347,6.804102964020445,1.463897815819425,5.34020514820102,Trailing Stop
2024-05-17 04:00:00,2024-05-19 12:00:00,161.3347,175.9,167.105,9.028002035519952,3.5766019337439445,5.451400101776008,Trailing Stop
2024-05-19 12:00:00,2024-05-20 16:00:00,167.105,188.587,179.15765,12.855390323449328,7.2126208072768625,5.642769516172466,Trailing Stop
2024-05-20 16:00:00,2024-05-21 12:00:00,179.15765,188.955,179.50725,5.468563580734634,0.1951354016978954,5.273428179036739,Trailing Stop
2024-05-21 12:00:00,2024-05-23 08:00:00,179.50725,183.649,174.1220325,2.3072884242837,-3.0000000000000058,0.0,Hard SL
2024-05-23 08:00:00,2024-05-23 12:00:00,174.1220325,176.986,168.898371525,1.6448047721933188,-3.000000000000001,0.0,Hard SL
2024-05-23 12:00:00,2024-05-23 20:00:00,168.898371525,181.365,172.29675,7.381141903523171,2.012084808347009,5.369057095176162,Trailing Stop
2024-05-23 20:00:00,2024-05-24 04:00:00,172.29675,176.181,167.1278475,2.254395396314793,-3.000000000000001,0.0,Hard SL
2024-05-27 12:00:00,2024-05-28 04:00:00,171.113,172.412,165.97961,0.7591474639565706,-2.999999999999995,0.0,Hard SL
2024-05-28 08:00:00,2024-05-30 04:00:00,169.944,174.06,164.84568,2.4219742974156278,-3.000000000000001,0.0,Hard SL
2024-05-31 08:00:00,2024-06-02 16:00:00,168.844,171.074,163.77867999999998,1.3207457771671,-3.0000000000000084,0.0,Hard SL
2024-06-03 16:00:00,2024-06-07 16:00:00,167.088,175.784,162.07536,5.204443167672124,-3.000000000000003,0.0,Hard SL
2024-07-16 00:00:00,2024-07-16 08:00:00,157.788,158.711,153.05436,0.5849621010469755,-3.000000000000005,0.0,Hard SL
2024-07-16 08:00:00,2024-07-17 16:00:00,153.05436,163.722,155.5359,6.969837383266968,1.6213455141036135,5.348491869163354,Trailing Stop
2024-07-17 16:00:00,2024-07-23 04:00:00,155.5359,185.32,176.05399999999997,19.149341084598472,13.191874030368536,5.957467054229937,Trailing Stop
2024-07-23 04:00:00,2024-07-23 16:00:00,176.05399999999997,178.709,170.77237999999997,1.508060027037176,-3.0000000000000027,0.0,Hard SL
2024-07-23 16:00:00,2024-07-25 00:00:00,170.77237999999997,182.5,173.375,6.8673985804964675,1.5240286514716435,5.343369929024823,Trailing Stop
2024-07-25 00:00:00,2024-07-25 08:00:00,173.375,173.375,168.17374999999998,0.0,-3.0000000000000093,0.0,Hard SL
2024-07-25 12:00:00,2024-07-27 20:00:00,170.365,188.34,178.923,10.550876060223633,5.023332257212451,5.5275438030111825,Trailing Stop
2024-07-27 20:00:00,2024-07-29 16:00:00,178.923,193.893,184.19835,8.36672758672725,2.9483912073908902,5.41833637933636,Trailing Stop
2024-07-29 16:00:00,2024-07-30 12:00:00,184.19835,186.79,178.6723995,1.4069887162398507,-2.9999999999999964,0.0,Hard SL
2024-07-30 12:00:00,2024-07-31 16:00:00,178.6723995,184.572,175.3434,3.301909257674681,-1.8631862052090529,0.0,Trailing Stop
2024-08-26 20:00:00,2024-08-27 20:00:00,157.052,159.622,152.34044,1.6364006825764852,-2.9999999999999947,0.0,Hard SL
2024-09-21 20:00:00,2024-09-22 08:00:00,149.372,149.871,144.89084,0.334065286666842,-3.000000000000011,0.0,Hard SL
2024-09-22 08:00:00,2024-09-30 20:00:00,144.89084,161.761,153.67295,11.643358544957017,6.061190617709158,5.582167927247858,Trailing Stop
2024-10-01 00:00:00,2024-10-01 12:00:00,155.044,157.288,150.39268,1.4473310802094888,-2.9999999999999987,0.0,Hard SL
2024-10-06 12:00:00,2024-10-07 20:00:00,145.904,152.28,144.666,4.369996710165592,-0.8485031253426909,0.0,Trailing Stop
2024-10-13 16:00:00,2024-10-15 12:00:00,145.947,159.98,151.981,9.615134261067364,4.134377548013999,5.480756713053365,Trailing Stop
2024-10-15 12:00:00,2024-10-17 16:00:00,151.981,158.36,150.442,4.197235180713391,-1.0126265783222819,0.0,Trailing Stop
2024-10-17 20:00:00,2024-10-21 12:00:00,150.45,171.93,163.3335,14.277168494516465,8.563310069790628,5.713858424725837,Trailing Stop
2024-10-21 12:00:00,2024-10-23 16:00:00,163.3335,173.8,165.11,6.4080546856585,1.0876519513755765,5.320402734282924,Trailing Stop
2024-10-23 16:00:00,2024-10-25 16:00:00,165.11,179.3,170.335,8.594270486342436,3.1645569620253124,5.429713524317124,Trailing Stop
2024-10-25 16:00:00,2024-10-25 20:00:00,170.335,170.335,165.22495,0.0,-3.0000000000000004,0.0,Hard SL
2024-10-26 00:00:00,2024-10-30 12:00:00,165.59,183.34,174.173,10.719246331300198,5.183284014735189,5.53596231656501,Trailing Stop
2024-10-30 12:00:00,2024-10-31 16:00:00,174.173,177.0,168.94781,1.6230988729596427,-2.9999999999999987,0.0,Hard SL
2024-11-05 20:00:00,2024-11-06 00:00:00,166.55,185.0,175.75,11.077754428099663,5.52386670669468,5.553887721404982,Trailing Stop
2024-11-06 00:00:00,2024-11-09 16:00:00,175.75,205.33,195.0635,16.830725462304414,10.989189189189192,5.841536273115225,Trailing Stop
2024-11-09 16:00:00,2024-11-10 20:00:00,195.0635,215.64,204.85799999999998,10.548616219846348,5.021185408854024,5.527430810992323,Trailing Stop
2024-11-10 20:00:00,2024-11-11 08:00:00,204.85799999999998,217.88,206.986,6.356598229017184,1.0387683175663214,5.317829911450862,Trailing Stop
2024-11-11 08:00:00,2024-11-12 08:00:00,206.986,225.69,214.4055,9.036359947049563,3.5845419496970807,5.4518179973524825,Trailing Stop
2024-11-12 08:00:00,2024-11-12 12:00:00,214.4055,214.4055,207.973335,0.0,-2.999999999999999,0.0,Hard SL
2024-11-12 12:00:00,2024-11-13 00:00:00,207.973335,215.71,204.9245,3.7200273775481922,-1.4659739913292236,0.0,Trailing Stop
2024-11-13 00:00:00,2024-11-13 12:00:00,204.9245,217.56,206.682,6.165929403268037,0.857632933104628,5.308296470163409,Trailing Stop
2024-11-13 12:00:00,2024-11-13 20:00:00,206.682,220.77,209.7315,6.816268470403821,1.4754550468836296,5.340813423520191,Trailing Stop
2024-11-13 20:00:00,2024-11-14 12:00:00,209.7315,223.04,211.88799999999998,6.345494119862767,1.0282194138696217,5.317274705993145,Trailing Stop
2024-11-14 12:00:00,2024-11-15 04:00:00,211.88799999999998,217.28,205.53135999999998,2.5447406176848264,-3.0,0.0,Hard SL
2024-11-15 04:00:00,2024-11-17 04:00:00,205.53135999999998,240.29,228.2755,16.911599281005106,11.066019316954852,5.8455799640502555,Trailing Stop
2024-11-17 04:00:00,2024-11-17 12:00:00,228.2755,242.49,230.3655,6.226905646904734,0.9155603645594921,5.311345282345242,Trailing Stop
2024-11-17 12:00:00,2024-11-18 16:00:00,230.3655,248.66,236.22699999999998,7.941510339004755,2.5444348220545083,5.397075516950246,Trailing Stop
2024-11-18 16:00:00,2024-11-19 20:00:00,236.22699999999998,247.82,235.42899999999997,4.907567720878654,-0.33781066516528674,0.0,Trailing Stop
2024-11-19 20:00:00,2024-11-21 00:00:00,235.42899999999997,242.58,230.451,3.037433791079281,-2.114437898474691,0.0,Trailing Stop
2024-11-21 00:00:00,2024-11-21 12:00:00,230.451,253.47,240.79649999999998,9.988674381972743,4.4892406628740975,5.499433719098644,Trailing Stop
2024-11-21 12:00:00,2024-11-24 08:00:00,240.79649999999998,264.64,251.408,9.901929637681613,4.406833155797534,5.49509648188408,Trailing Stop
2024-11-24 08:00:00,2024-11-24 12:00:00,251.408,251.408,243.86576,0.0,-2.9999999999999973,0.0,Hard SL
2024-11-24 12:00:00,2024-11-25 12:00:00,243.86576,257.04,236.5497872,5.402250812086136,-2.9999999999999987,0.0,Hard SL
2024-11-25 12:00:00,2024-11-25 20:00:00,236.5497872,246.36,234.042,4.1472084655504675,-1.0601519577270604,0.0,Trailing Stop
2024-11-27 12:00:00,2024-11-28 12:00:00,240.59,245.38,233.3723,1.99093894176815,-3.0000000000000036,0.0,Hard SL
2024-11-29 00:00:00,2024-12-01 00:00:00,242.05,246.88,234.7885,1.995455484404042,-3.000000000000005,0.0,Hard SL
2024-12-04 00:00:00,2024-12-04 12:00:00,237.85,241.07,230.7145,1.3537944082404874,-3.0000000000000036,0.0,Hard SL
2024-12-05 08:00:00,2024-12-05 16:00:00,242.14,245.12,234.87579999999997,1.230692987527884,-3.000000000000007,0.0,Hard SL
2024-12-05 20:00:00,2024-12-06 00:00:00,236.05,247.32,234.95399999999998,4.774412200804906,-0.4643084092353451,0.0,Trailing Stop
2024-12-06 00:00:00,2024-12-09 00:00:00,234.95399999999998,243.89,231.69549999999998,3.80329766677733,-1.386867216561539,0.0,Trailing Stop
2024-12-11 16:00:00,2024-12-13 12:00:00,229.75,234.66,222.8575,2.137105549510336,-3.0000000000000053,0.0,Hard SL
2024-12-17 16:00:00,2024-12-18 00:00:00,227.45,228.53,220.6265,0.47482963288635416,-2.9999999999999982,0.0,Hard SL
2025-01-06 12:00:00,2025-01-07 08:00:00,221.51,223.14,214.8647,0.735858426256149,-2.9999999999999964,0.0,Hard SL
2025-01-07 08:00:00,2025-01-07 12:00:00,214.8647,214.8647,208.418759,0.0,-3.000000000000002,0.0,Hard SL
2025-01-18 08:00:00,2025-01-18 12:00:00,238.85,260.0,247.0,8.854929872304798,3.412183378689557,5.44274649361524,Trailing Stop
2025-01-18 12:00:00,2025-01-18 16:00:00,247.0,270.7,257.16499999999996,9.595141700404854,4.115384615384601,5.479757085020253,Trailing Stop
2025-01-18 16:00:00,2025-01-18 20:00:00,257.16499999999996,264.64,249.45004999999995,2.9066941457819,-3.0000000000000067,0.0,Hard SL
2025-01-18 20:00:00,2025-01-19 04:00:00,249.45004999999995,277.85,263.9575,11.38502477750559,5.815773538630293,5.569251238875296,Trailing Stop
2025-01-19 04:00:00,2025-01-19 08:00:00,263.9575,295.6,280.82,11.987725296686037,6.388339031851724,5.599386264834312,Trailing Stop
2025-01-19 08:00:00,2025-01-19 12:00:00,280.82,289.52,272.3954,3.098069938038597,-2.9999999999999996,0.0,Hard SL
2025-01-19 12:00:00,2025-01-19 16:00:00,272.3954,275.25,264.22353799999996,1.047961896566537,-3.000000000000012,0.0,Hard SL
2025-01-19 16:00:00,2025-01-19 20:00:00,264.22353799999996,278.09,256.29683185999994,5.2480040593506905,-3.0000000000000084,0.0,Hard SL
2025-01-19 20:00:00,2025-01-20 00:00:00,256.29683185999994,256.29683185999994,248.60792690419993,0.0,-3.0000000000000053,0.0,Hard SL
2025-01-20 00:00:00,2025-01-20 04:00:00,248.60792690419993,264.21,241.14968909707392,6.275774586146743,-3.000000000000005,0.0,Hard SL
2025-01-20 04:00:00,2025-01-20 08:00:00,241.14968909707392,273.0,259.34999999999997,13.207693122965155,7.547308466816882,5.660384656148273,Trailing Stop
2025-01-20 08:00:00,2025-01-20 12:00:00,259.34999999999997,261.64,251.56949999999995,0.8829766724503647,-3.000000000000007,0.0,Hard SL
2025-01-20 12:00:00,2025-01-20 16:00:00,251.56949999999995,256.59,244.02241499999994,1.9956711763548554,-3.0000000000000044,0.0,Hard SL
2025-01-20 16:00:00,2025-01-21 00:00:00,244.02241499999994,250.88,236.70174254999992,2.8102274948799515,-3.000000000000008,0.0,Hard SL
2025-01-21 00:00:00,2025-01-21 16:00:00,236.70174254999992,259.89,246.89549999999997,9.796403355628813,4.306583187847365,5.489820167781448,Trailing Stop
2025-01-21 16:00:00,2025-01-22 20:00:00,246.89549999999997,272.05,258.4475,10.188318539625083,4.67890261264382,5.509415926981263,Trailing Stop
2025-01-22 20:00:00,2025-01-23 00:00:00,258.4475,258.4475,250.694075,0.0,-2.9999999999999973,0.0,Hard SL
2025-01-23 00:00:00,2025-01-23 08:00:00,250.694075,250.694075,243.17325275,0.0,-3.0000000000000036,0.0,Hard SL
2025-01-23 08:00:00,2025-01-23 20:00:00,243.17325275,258.38,245.46099999999998,6.253462121359894,0.9407890152918948,5.312673106067999,Trailing Stop
2025-01-23 20:00:00,2025-01-24 04:00:00,245.46099999999998,264.32,251.10399999999998,7.683094259373184,2.2989395464045206,5.384154712968663,Trailing Stop
2025-01-24 04:00:00,2025-01-24 20:00:00,251.10399999999998,270.11,256.6045,7.56897540461324,2.1905266343825622,5.378448770230678,Trailing Stop
2025-01-24 20:00:00,2025-01-25 00:00:00,256.6045,256.6045,248.90636499999997,0.0,-3.0000000000000036,0.0,Hard SL
2025-01-25 00:00:00,2025-01-26 20:00:00,248.90636499999997,260.76,241.43917404999996,4.762286814160026,-3.0000000000000018,0.0,Hard SL
2025-01-30 00:00:00,2025-01-31 16:00:00,240.16,244.59,232.9552,1.8446035976016018,-3.000000000000002,0.0,Hard SL
2025-04-19 08:00:00,2025-04-21 16:00:00,138.7,143.25,134.539,3.2804614275414643,-3.0000000000000013,0.0,Hard SL
2025-04-21 16:00:00,2025-04-24 08:00:00,134.539,154.14,146.433,14.56900972952081,8.840559243044773,5.728450486476038,Trailing Stop
2025-04-24 08:00:00,2025-04-26 08:00:00,146.433,157.24,149.37800000000001,7.380167038850543,2.0111586869080202,5.369008351942523,Trailing Stop
2025-04-26 08:00:00,2025-04-28 00:00:00,149.37800000000001,150.37,144.89666,0.6640870810962726,-3.0000000000000115,0.0,Hard SL
2025-04-28 00:00:00,2025-04-28 12:00:00,144.89666,153.35,145.68249999999998,5.834047520488048,0.5423451444636329,5.291702376024415,Trailing Stop
2025-04-28 12:00:00,2025-04-30 12:00:00,145.68249999999998,150.37,141.31202499999998,3.217613646114001,-3.0,0.0,Hard SL
2025-04-30 20:00:00,2025-05-03 16:00:00,147.47,153.88,146.18599999999998,4.346646775615377,-0.8706855631654032,0.0,Trailing Stop
2025-05-06 20:00:00,2025-05-08 12:00:00,146.83,163.08,154.92600000000002,11.067220595246201,5.513859565483895,5.553361029762307,Trailing Stop
2025-05-08 12:00:00,2025-05-09 08:00:00,154.92600000000002,176.16,167.35199999999998,13.705898299833455,8.020603384841769,5.685294914991687,Trailing Stop
2025-05-09 08:00:00,2025-05-11 12:00:00,167.35199999999998,180.29,171.2755,7.731010086524223,2.344459582198013,5.38655050432621,Trailing Stop
2025-05-11 12:00:00,2025-05-12 16:00:00,171.2755,181.44,172.368,5.934590761667608,0.6378612235842261,5.296729538083382,Trailing Stop
2025-05-12 16:00:00,2025-05-13 00:00:00,172.368,174.79,167.19696,1.4051332033788158,-3.000000000000003,0.0,Hard SL
2025-05-13 00:00:00,2025-05-14 12:00:00,167.19696,184.87,175.6265,10.57019218531247,5.041682576046839,5.5285096092656305,Trailing Stop
2025-05-14 12:00:00,2025-05-15 04:00:00,175.6265,178.23,170.35770499999998,1.4824072676959323,-3.0000000000000067,0.0,Hard SL
2025-05-15 04:00:00,2025-05-17 00:00:00,170.35770499999998,174.38,165.24697385,2.361087806389511,-2.9999999999999956,0.0,Hard SL
2025-05-18 04:00:00,2025-05-18 16:00:00,170.6,176.73,167.8935,3.593200468933175,-1.586459554513485,0.0,Trailing Stop
2025-05-18 20:00:00,2025-05-19 00:00:00,173.24,173.87,168.0428,0.36365735395982185,-3.000000000000005,0.0,Hard SL
2025-05-20 00:00:00,2025-05-21 16:00:00,169.13,174.91,166.16449999999998,3.41748950511441,-1.7533849701413233,0.0,Trailing Stop
2025-05-21 16:00:00,2025-05-23 08:00:00,166.16449999999998,187.67,178.2865,12.942295135242496,7.295180378480371,5.647114756762125,Trailing Stop
2025-05-23 08:00:00,2025-05-23 12:00:00,178.2865,183.7,174.515,3.036404887638716,-2.1154153567432212,0.0,Trailing Stop
2025-05-23 12:00:00,2025-05-24 00:00:00,174.515,182.19,173.0805,4.397902759075158,-0.8219923788785983,0.0,Trailing Stop
2025-05-24 00:00:00,2025-05-25 12:00:00,173.0805,178.22,169.309,2.969427520720126,-2.179043855315881,0.0,Trailing Stop
2025-05-25 20:00:00,2025-05-28 12:00:00,175.65,179.37,170.3805,2.1178479931682315,-2.9999999999999964,0.0,Hard SL
2025-07-09 16:00:00,2025-07-11 20:00:00,157.22,168.18,159.771,6.97112326675996,1.6225671034219484,5.348556163338011,Trailing Stop
2025-07-11 20:00:00,2025-07-15 00:00:00,159.771,169.76,161.272,6.252073279881834,0.9394696158877425,5.312603663994091,Trailing Stop
2025-07-15 00:00:00,2025-07-18 12:00:00,161.272,185.0,175.75,14.713031400367088,8.977379830348733,5.735651570018355,Trailing Stop
2025-07-18 12:00:00,2025-07-22 00:00:00,175.75,204.76,194.522,16.50640113798008,10.681081081081075,5.825320056899005,Trailing Stop
2025-07-22 00:00:00,2025-07-23 08:00:00,194.522,206.44,196.118,6.126813419561801,0.8204727485837097,5.306340670978091,Trailing Stop
2025-07-23 08:00:00,2025-07-23 12:00:00,196.118,197.62,190.23445999999998,0.7658654483525273,-3.0000000000000053,0.0,Hard SL
2025-07-23 12:00:00,2025-07-23 20:00:00,190.23445999999998,192.74,184.52742619999998,1.3170799864546228,-3.000000000000003,0.0,Hard SL
2025-07-23 20:00:00,2025-07-24 04:00:00,184.52742619999998,191.87,182.2765,3.9791232941393653,-1.2198328705676063,0.0,Trailing Stop
2025-07-24 08:00:00,2025-07-24 20:00:00,186.38,191.7,182.11499999999998,2.854383517544797,-2.2883356583324472,0.0,Trailing Stop
2025-07-25 20:00:00,2025-07-28 16:00:00,186.69,195.32,185.55399999999997,4.622636456157263,-0.6084953666506102,0.0,Trailing Stop
2025-07-29 04:00:00,2025-07-29 12:00:00,185.96,186.44,180.3812,0.25812002581199706,-3.0000000000000004,0.0,Hard SL
2025-08-05 08:00:00,2025-08-05 12:00:00,170.81,170.97,165.6857,0.09367133071834002,-3.000000000000003,0.0,Hard SL
2025-08-08 08:00:00,2025-08-11 12:00:00,177.56,186.76,177.422,5.181347150259061,-0.07772020725388895,0.0,Trailing Stop
2025-08-11 12:00:00,2025-08-12 16:00:00,177.422,191.1,181.545,7.709303243115283,2.323838080959515,5.385465162155769,Trailing Stop
2025-08-12 16:00:00,2025-08-13 12:00:00,181.545,205.07,194.8165,12.95821972513702,7.3103087388801695,5.647910986256852,Trailing Stop
2025-08-13 12:00:00,2025-08-14 12:00:00,194.8165,210.1,188.972005,7.84507472416351,-2.9999999999999973,0.0,Hard SL
2025-08-14 12:00:00,2025-08-15 12:00:00,188.972005,197.98,188.081,4.766840993193671,-0.471501056466013,0.0,Trailing Stop
2025-08-16 00:00:00,2025-08-18 00:00:00,187.02,195.75,185.96249999999998,4.667949951876799,-0.5654475457170532,0.0,Trailing Stop
2025-08-20 16:00:00,2025-08-21 12:00:00,187.53,190.08,181.9041,1.3597824348104364,-3.000000000000001,0.0,Hard SL
2025-08-22 12:00:00,2025-08-23 04:00:00,193.45,208.82,198.379,7.945205479452058,2.5479452054794534,5.397260273972606,Trailing Stop
2025-08-23 04:00:00,2025-08-24 16:00:00,198.379,212.22,201.60899999999998,6.977048981999107,1.6281965328991426,5.348852449099964,Trailing Stop
2025-08-24 16:00:00,2025-08-25 00:00:00,201.60899999999998,213.66,202.97699999999998,5.9774117226909596,0.6785411365564012,5.298870586134559,Trailing Stop
2025-08-25 00:00:00,2025-08-25 04:00:00,202.97699999999998,209.82,199.32899999999998,3.37131793257365,-1.797247964055039,0.0,Trailing Stop
2025-08-25 04:00:00,2025-08-25 16:00:00,199.32899999999998,200.88,193.34912999999997,0.7781105609319348,-3.000000000000003,0.0,Hard SL
2025-08-26 16:00:00,2025-08-29 08:00:00,197.37,217.95,207.05249999999998,10.427116583067326,4.905760753913956,5.521355829153371,Trailing Stop
2025-08-29 08:00:00,2025-08-29 12:00:00,207.05249999999998,215.0,204.25,3.838398473817037,-1.353521449873815,0.0,Trailing Stop
2025-08-29 12:00:00,2025-08-30 12:00:00,204.25,206.99,198.1225,1.34149326805386,-2.9999999999999987,0.0,Hard SL
2025-08-30 20:00:00,2025-09-01 00:00:00,202.59,206.64,196.5123,1.999111505997326,-2.9999999999999964,0.0,Hard SL
2025-09-01 04:00:00,2025-09-01 20:00:00,202.84,204.45,196.7548,0.7937290475251357,-3.000000000000007,0.0,Hard SL
2025-09-02 00:00:00,2025-09-04 16:00:00,201.78,212.95,202.30249999999998,5.5357319853305516,0.25894538606402,5.276786599266532,Trailing Stop
2025-09-05 04:00:00,2025-09-05 12:00:00,207.77,209.95,201.5369,1.04923713721903,-3.0000000000000036,0.0,Hard SL
2025-09-05 16:00:00,2025-09-06 16:00:00,205.36,205.65,199.19920000000002,0.1412154265679743,-2.9999999999999973,0.0,Hard SL
2025-09-07 08:00:00,2025-09-15 04:00:00,203.87,249.55,237.0725,22.40643547358611,16.286113699906796,6.120321773679316,Trailing Stop
2025-09-15 04:00:00,2025-09-19 08:00:00,237.0725,253.49,240.8155,6.925096753102962,1.578841915447804,5.346254837655158,Trailing Stop
2025-09-19 08:00:00,2025-09-22 00:00:00,240.8155,242.59,233.59103499999998,0.7368711731595423,-3.000000000000004,0.0,Hard SL
2025-10-02 20:00:00,2025-10-03 04:00:00,234.6,234.77,227.56199999999998,0.07246376811594882,-3.000000000000005,0.0,Hard SL
2025-10-03 04:00:00,2025-10-04 12:00:00,227.56199999999998,236.88,225.03599999999997,4.094708255332618,-1.1100271574340226,0.0,Trailing Stop
2025-10-04 12:00:00,2025-10-07 12:00:00,225.03599999999997,237.74,225.853,5.645318971186849,0.3630530226275066,5.282265948559342,Trailing Stop
2025-10-08 16:00:00,2025-10-09 08:00:00,229.23,229.64,222.35309999999998,0.17885966060288644,-3.000000000000003,0.0,Hard SL
2026-01-06 12:00:00,2026-01-06 16:00:00,141.56,141.93,137.3132,0.261373269285112,-3.000000000000005,0.0,Hard SL
2026-01-06 16:00:00,2026-01-07 16:00:00,137.3132,141.96,134.862,3.3840883469324243,-1.7851160704142066,0.0,Trailing Stop
2026-01-07 16:00:00,2026-01-15 16:00:00,134.862,148.8,141.36,10.335009120434234,4.818258664412524,5.516750456021709,Trailing Stop
2026-01-15 16:00:00,2026-01-18 20:00:00,141.36,145.5,138.225,2.9286926994906524,-2.2177419354838843,0.0,Trailing Stop
2026-03-17 20:00:00,2026-03-18 12:00:00,94.57,95.63,91.73289999999999,1.1208628529131883,-3.000000000000007,0.0,Hard SL
2026-03-19 00:00:00,2026-03-19 12:00:00,90.69,90.69,87.96929999999999,0.0,-3.000000000000009,0.0,Hard SL
2026-03-20 20:00:00,2026-03-21 20:00:00,89.8,90.78,87.106,1.0913140311804053,-3.000000000000003,0.0,Hard SL
2026-03-25 08:00:00,2026-03-26 04:00:00,92.94,93.4,90.1518,0.4949429739617043,-3.0000000000000036,0.0,Hard SL
2026-04-17 20:00:00,2026-04-18 16:00:00,88.71,89.11,86.0487,0.4509074512456383,-2.9999999999999973,0.0,Hard SL
2026-04-18 16:00:00,2026-04-19 20:00:00,86.0487,87.08,83.46723899999999,1.1985073568804663,-3.0000000000000053,0.0,Hard SL
2026-04-20 12:00:00,2026-04-23 16:00:00,85.82,89.29,84.8255,4.043346539268251,-1.158820787695162,0.0,Trailing Stop
2026-04-23 20:00:00,2026-04-27 12:00:00,86.08,88.08,83.67599999999999,2.3234200743494426,-2.792750929368042,0.0,Trailing Stop
2026-05-06 12:00:00,2026-05-13 12:00:00,88.92,98.36,93.442,10.616284300494824,5.085470085470075,5.530814215024749,Trailing Stop
2026-05-14 12:00:00,2026-05-15 04:00:00,93.1,93.64,90.30699999999999,0.5800214822771281,-3.000000000000007,0.0,Hard SL
2026-07-02 08:00:00,2026-07-05 08:00:00,82.36,83.96,79.8892,1.94269062651772,-2.9999999999999964,0.0,Hard SL
2026-07-05 08:00:00,2026-07-08 00:00:00,79.8892,83.75,79.5625,4.832693280193064,-0.408941383816589,0.0,Trailing Stop
