,equity
2022-06-12,500.0
2022-06-13,500.0
2022-06-14,500.0
2022-06-15,500.0
2022-06-16,500.0
2022-06-17,500.0
2022-06-18,500.0
2022-06-19,500.0
2022-06-20,500.0
2022-06-21,500.0
2022-06-22,500.0
2022-06-23,500.0
2022-06-24,500.0
2022-06-25,500.0
2022-06-26,500.0
2022-06-27,500.0
2022-06-28,500.0
2022-06-29,500.0
2022-06-30,500.0
2022-07-01,500.0
2022-07-02,500.0
2022-07-03,500.0
2022-07-04,500.0
2022-07-05,500.0
2022-07-06,500.0
2022-07-07,500.0
2022-07-08,500.0
2022-07-09,500.0
2022-07-10,500.0
2022-07-11,500.0
2022-07-12,500.0
2022-07-13,500.0
2022-07-14,500.0
2022-07-15,500.0
2022-07-16,500.0
2022-07-17,500.36069753623156
2022-07-18,498.3173298074261
2022-07-19,498.3173298074261
2022-07-20,496.02665346137894
2022-07-21,495.735320857817
2022-07-22,493.56945021102
2022-07-23,493.2020356930957
2022-07-24,494.26629442400633
2022-07-25,488.62144689169287
2022-07-26,487.1567515238249
2022-07-27,486.125383155651
2022-07-28,491.3402973099828
2022-07-29,491.9159320194872
2022-07-30,490.5704242772394
2022-07-31,488.92473164704705
2022-08-01,486.241332609927
2022-08-02,481.770656113702
2022-08-03,481.7935228324105
2022-08-04,483.30250680458994
2022-08-05,491.3246770398123
2022-08-06,489.8861748853575
2022-08-07,494.18392550050083
2022-08-08,499.6132598579684
2022-08-09,491.86443464482306
2022-08-10,500.5110340698353
2022-08-11,497.8200116821138
2022-08-12,502.64240729338485
2022-08-13,502.29317047666757
2022-08-14,502.6420347495922
2022-08-15,497.01194831079863
2022-08-16,501.15165729695724
2022-08-17,494.02260454062065
2022-08-18,487.3159614265506
2022-08-19,470.8690032166854
2022-08-20,469.27354824759846
2022-08-21,467.62487490594253
2022-08-22,466.5340624580717
2022-08-23,466.89000640934563
2022-08-24,469.579256008926
2022-08-25,468.76050053108236
2022-08-26,470.5382663139855
2022-08-27,470.6130309681331
2022-08-28,473.3440506763333
2022-08-29,468.25902155057366
2022-08-30,472.04725888140354
2022-08-31,471.6888984350898
2022-09-01,472.379716232524
2022-09-02,472.94773392146044
2022-09-03,472.7637497433651
2022-09-04,473.0402450515467
2022-09-05,471.87441961132475
2022-09-06,475.1282450705032
2022-09-07,473.7702417941556
2022-09-08,474.3433509313777
2022-09-09,471.34533044239276
2022-09-10,470.080511115177
2022-09-11,469.1377966242659
2022-09-12,467.49459226101266
2022-09-13,470.0887396691726
2022-09-14,469.1750292960346
2022-09-15,474.6385061803955
2022-09-16,477.79569031720655
2022-09-17,474.84006629646905
2022-09-18,479.12288534996264
2022-09-19,479.9172547772936
2022-09-20,478.9508766128778
2022-09-21,480.5628036018018
2022-09-22,476.45871109068173
2022-09-23,473.0685195538583
2022-09-24,471.86772858225777
2022-09-25,473.52333094201805
2022-09-26,470.741293818135
2022-09-27,471.5378391571216
2022-09-28,469.68680697317103
2022-09-29,468.36254785136083
2022-09-30,469.53804106233173
2022-10-01,470.02701120789067
2022-10-02,471.47627943732357
2022-10-03,468.11202941149475
2022-10-04,463.94931130072695
2022-10-05,464.6665800064726
2022-10-06,465.44363440856637
2022-10-07,465.334541878776
2022-10-08,465.10413285152543
2022-10-09,464.4115725514162
2022-10-10,467.5508053462751
2022-10-11,469.1529037868152
2022-10-12,469.6985827497431
2022-10-13,471.5886943107869
2022-10-14,471.4965669677582
2022-10-15,472.9437555567001
2022-10-16,470.4298348436417
2022-10-17,467.2349391782946
2022-10-18,468.2523660503745
2022-10-19,472.20829343407974
2022-10-20,473.66153473697483
2022-10-21,471.9116726152069
2022-10-22,471.3938453106869
2022-10-23,467.0627909854091
2022-10-24,470.60176535767897
2022-10-25,463.80231981122563
2022-10-26,461.79210508970505
2022-10-27,460.18780649051973
2022-10-28,456.702767854032
2022-10-29,457.5811493430957
2022-10-30,457.5283689834375
2022-10-31,458.190277192562
2022-11-01,457.66389582581934
2022-11-02,460.83025146907704
2022-11-03,462.2849117807432
2022-11-04,480.72287592361243
2022-11-05,483.90397673946063
2022-11-06,474.90359642127936
2022-11-07,474.52326225023467
2022-11-08,452.1167433457092
2022-11-09,446.9212597221189
2022-11-10,447.38381688133666
2022-11-11,447.77918270992285
2022-11-12,448.50247720880054
2022-11-13,449.2737920904445
2022-11-14,448.50294209777417
2022-11-15,447.8220570376325
2022-11-16,448.74029029717076
2022-11-17,451.4610872919125
2022-11-18,451.49567376176947
2022-11-19,452.1717424939856
2022-11-20,453.97599087363795
2022-11-21,455.86542041264386
2022-11-22,455.87864543840266
2022-11-23,456.52331248172015
2022-11-24,456.0534446829447
2022-11-25,453.2419834502472
2022-11-26,453.92245495031926
2022-11-27,453.6586304109798
2022-11-28,454.1097927395344
2022-11-29,452.83873306093335
2022-11-30,452.0920699023878
2022-12-01,452.12298196723845
2022-12-02,451.19454957586134
2022-12-03,451.8186683140018
2022-12-04,451.210827752121
2022-12-05,452.91130868293993
2022-12-06,452.92002403373465
2022-12-07,453.64120823906603
2022-12-08,452.81664947423224
2022-12-09,452.586712617176
2022-12-10,452.239428007046
2022-12-11,454.8507593121661
2022-12-12,454.4232435372522
2022-12-13,452.1595739380866
2022-12-14,451.9266327327647
2022-12-15,450.5663369164358
2022-12-16,459.10085626003416
2022-12-17,456.10982582307304
2022-12-18,455.8069617881151
2022-12-19,461.313271951021
2022-12-20,456.2388830112892
2022-12-21,458.03586573732315
2022-12-22,456.362004453138
2022-12-23,456.9814542810919
2022-12-24,456.96982199894387
2022-12-25,457.1271981262267
2022-12-26,456.13143440858437
2022-12-27,457.9161233394983
2022-12-28,462.07901320170225
2022-12-29,461.5215044344563
2022-12-30,461.72622792310636
2022-12-31,460.21786028608955
2023-01-01,459.60957957282693
2023-01-02,457.1208840414422
2023-01-03,456.0265720856993
2023-01-04,452.8313416813816
2023-01-05,454.1803712361075
2023-01-06,453.17610536512586
2023-01-07,453.4178846200571
2023-01-08,450.8499426382877
2023-01-09,449.3010373118721
2023-01-10,448.76665617639964
2023-01-11,448.6363086257217
2023-01-12,454.64625353867234
2023-01-13,460.81118788345964
2023-01-14,465.73758766008854
2023-01-15,465.1957715431454
2023-01-16,467.2629251678373
2023-01-17,466.8746574385922
2023-01-18,463.82465884771
2023-01-19,466.9621118392736
2023-01-20,485.93338425294047
2023-01-21,484.49414699483356
2023-01-22,485.3150608075001
2023-01-23,487.8713269694496
2023-01-24,479.78264361908157
2023-01-25,488.52270207481024
2023-01-26,486.31485652605807
2023-01-27,494.3401751410429
2023-01-28,492.3321418281798
2023-01-29,502.92704266171984
2023-01-30,490.1059607995222
2023-01-31,496.86310607288726
2023-02-01,509.9732090676831
2023-02-02,505.87247729684594
2023-02-03,510.9259458515138
2023-02-04,508.1676195043008
2023-02-05,500.93400282088976
2023-02-06,495.26510575641896
2023-02-07,508.5188780783013
2023-02-08,503.5440338914281
2023-02-09,477.96131426669064
2023-02-10,477.6784002094191
2023-02-11,480.2197362035295
2023-02-12,477.8346504356728
2023-02-13,475.68610699443815
2023-02-14,481.8957946242183
2023-02-15,505.4153921817957
2023-02-16,491.627995631855
2023-02-17,507.26446225286367
2023-02-18,507.52772756073375
2023-02-19,505.06166947502265
2023-02-20,511.54171268805595
2023-02-21,504.8244161008686
2023-02-22,501.2580982982439
2023-02-23,498.32630804576917
2023-02-24,485.06297821738264
2023-02-25,483.8802618631005
2023-02-26,488.97393397115883
2023-02-27,486.11837033047243
2023-02-28,480.84448108557774
2023-03-01,486.52572636782344
2023-03-02,483.7975206737101
2023-03-03,474.32943026525095
2023-03-04,474.71288793357013
2023-03-05,474.9548190005421
2023-03-06,472.821258953278
2023-03-07,473.4291263376464
2023-03-08,475.68420266994764
2023-03-09,478.6054392054802
2023-03-10,477.9180888261311
2023-03-11,478.1902942006642
2023-03-12,474.5083347407213
2023-03-13,472.7179826244935
2023-03-14,470.9106581745709
2023-03-15,472.42188714855297
2023-03-16,469.07657548147125
2023-03-17,463.93527965557615
2023-03-18,465.22167955036554
2023-03-19,463.0902883604461
2023-03-20,464.26209516115944
2023-03-21,461.06757193123605
2023-03-22,460.9705035328736
2023-03-23,458.86612920261587
2023-03-24,461.03843618050763
2023-03-25,461.07628129954395
2023-03-26,460.3059586302575
2023-03-27,461.04611153909855
2023-03-28,458.13948659471646
2023-03-29,457.5956556531223
2023-03-30,457.5177394273812
2023-03-31,457.28237793498795
2023-04-01,455.919814554025
2023-04-02,454.45717159571365
2023-04-03,453.10726464799916
2023-04-04,453.82358492528846
2023-04-05,453.98156638966503
2023-04-06,453.62056196572576
2023-04-07,453.20841671917253
2023-04-08,452.9323092722423
2023-04-09,453.7662244927587
2023-04-10,457.32151098626343
2023-04-11,458.3883283191046
2023-04-12,455.9595266653995
2023-04-13,458.7079495526292
2023-04-14,460.4855350528253
2023-04-15,460.5870734322641
2023-04-16,465.51675412950505
2023-04-17,462.83202595443834
2023-04-18,469.80462994335994
2023-04-19,450.08512595947315
2023-04-20,445.9974173605868
2023-04-21,438.7983561660913
2023-04-22,439.1402290329328
2023-04-23,439.7259580865937
2023-04-24,438.9458569882802
2023-04-25,436.35190776987315
2023-04-26,431.9206698327702
2023-04-27,432.01816617830667
2023-04-28,432.03962033219517
2023-04-29,431.2647190636793
2023-04-30,433.79028901238433
2023-05-01,434.73482435682206
2023-05-02,434.37612632487713
2023-05-03,433.05666429695674
2023-05-04,435.0402305195789
2023-05-05,432.6284052809965
2023-05-06,438.8010513337058
2023-05-07,438.0751327886579
2023-05-08,445.2017782169772
2023-05-09,445.19601045964646
2023-05-10,440.9601211683144
2023-05-11,443.5313864337876
2023-05-12,442.29649805063383
2023-05-13,443.8629238074719
2023-05-14,442.30033783405844
2023-05-15,441.843876034723
2023-05-16,440.82660012848226
2023-05-17,436.7289782522162
2023-05-18,440.39533803554724
2023-05-19,440.93381773804265
2023-05-20,440.6279467905365
2023-05-21,443.62843667736473
2023-05-22,441.65346743694545
2023-05-23,440.5271609928422
2023-05-24,443.33008186477343
2023-05-25,442.9204499945643
2023-05-26,441.85786613836865
2023-05-27,440.052656811893
2023-05-28,436.0295672655118
2023-05-29,437.515267851803
2023-05-30,438.3824840176162
2023-05-31,440.2359457226817
2023-06-01,444.14533851196273
2023-06-02,441.2030761057731
2023-06-03,441.0914778647114
2023-06-04,439.8502981997329
2023-06-05,446.32338369604963
2023-06-06,438.87704144617834
2023-06-07,446.38938893387075
2023-06-08,445.96555199039534
2023-06-09,446.8198677432188
2023-06-10,460.81787466430336
2023-06-11,460.1698150452716
2023-06-12,459.3547226595938
2023-06-13,458.3304438474413
2023-06-14,462.1723656809197
2023-06-15,461.47160445719317
2023-06-16,458.71470239991845
2023-06-17,457.05810584483936
2023-06-18,458.9726735341311
2023-06-19,457.44779101196735
2023-06-20,452.82768029525306
2023-06-21,448.67377106080704
2023-06-22,449.1835476150143
2023-06-23,444.31030634059283
2023-06-24,445.7266026189793
2023-06-25,443.20245620870213
2023-06-26,445.9913628426266
2023-06-27,444.73270868230486
2023-06-28,448.6416398741021
2023-06-29,447.4845785673083
2023-06-30,443.23884014640385
2023-07-01,442.9281303538659
2023-07-02,443.7922135703362
2023-07-03,441.88787962805424
2023-07-04,442.5664982178978
2023-07-05,442.7210749516663
2023-07-06,438.9182500810081
2023-07-07,439.01025837755054
2023-07-08,437.3321875851772
2023-07-09,436.00106815200945
2023-07-10,436.0875118878187
2023-07-11,436.7562872133761
2023-07-12,435.91091329391804
2023-07-13,438.8390295681473
2023-07-14,431.1781354615964
2023-07-15,430.73408266843325
2023-07-16,428.66824002965996
2023-07-17,428.6183334433985
2023-07-18,427.76279196463105
2023-07-19,427.8170270985349
2023-07-20,426.4187921880273
2023-07-21,427.0553802361802
2023-07-22,423.4346210719623
2023-07-23,424.29550842915796
2023-07-24,420.22029293880746
2023-07-25,420.0834235281755
2023-07-26,419.64774131206104
2023-07-27,420.5989485412505
2023-07-28,419.2909054041706
2023-07-29,418.43714014912274
2023-07-30,417.52972657065715
2023-07-31,418.5136033177733
2023-08-01,415.33284951135107
2023-08-02,419.1285364673239
2023-08-03,422.5527261016074
2023-08-04,423.2174066814243
2023-08-05,422.73718318731864
2023-08-06,421.7434996389952
2023-08-07,421.6103852005711
2023-08-08,419.6124694873575
2023-08-09,419.55596495287136
2023-08-10,421.32453711893885
2023-08-11,421.52464377834656
2023-08-12,421.13473796238515
2023-08-13,421.75357262691506
2023-08-14,420.4075025183839
2023-08-15,426.2072310255738
2023-08-16,431.83130641879694
2023-08-17,445.320936845238
2023-08-18,442.464591834229
2023-08-19,441.5368805290992
2023-08-20,440.262884043466
2023-08-21,443.6697410888126
2023-08-22,445.6577770063329
2023-08-23,443.6018081017648
2023-08-24,446.2953028347716
2023-08-25,445.59582885340933
2023-08-26,445.9124661032793
2023-08-27,445.3402939923222
2023-08-28,443.30273435623803
2023-08-29,438.0312668714709
2023-08-30,442.01914950225466
2023-08-31,449.6452481897538
2023-09-01,451.95212894087064
2023-09-02,450.3524038221394
2023-09-03,450.75211306512307
2023-09-04,451.5779384901267
2023-09-05,450.9152691203204
2023-09-06,450.742935805333
2023-09-07,448.52037174417455
2023-09-08,450.95275987524883
2023-09-09,451.2464991347564
2023-09-10,455.7537943634089
2023-09-11,461.69918596855297
2023-09-12,459.6369732278326
2023-09-13,456.87113955685004
2023-09-14,453.0474049010599
2023-09-15,450.3961340832587
2023-09-16,449.6643281984436
2023-09-17,453.31336378009934
2023-09-18,449.9627527936622
2023-09-19,447.8864425483311
2023-09-20,450.4572767656535
2023-09-21,453.33941574111435
2023-09-22,453.2433632863276
2023-09-23,452.9063514849803
2023-09-24,455.04503200119734
2023-09-25,453.07587773749697
2023-09-26,454.24590517062956
2023-09-27,453.4037950162308
2023-09-28,450.07513609336934
2023-09-29,449.9207071180123
2023-09-30,448.66261694684283
2023-10-01,446.0807925499275
2023-10-02,449.5064609149888
2023-10-03,448.97644944975974
2023-10-04,448.38317118609444
2023-10-05,447.50217842079826
2023-10-06,447.5014049551161
2023-10-07,447.707192256089
2023-10-08,448.2172020998031
2023-10-09,449.65522653087675
2023-10-10,449.4458733376756
2023-10-11,449.52425952622787
2023-10-12,450.75064186893843
2023-10-13,450.20484824420424
2023-10-14,449.2360756878466
2023-10-15,449.9691410770483
2023-10-16,451.6525954854659
2023-10-17,455.1703396797932
2023-10-18,457.8486226215131
2023-10-19,457.78712804518653
2023-10-20,457.2942332638558
2023-10-21,451.97146638996384
2023-10-22,450.4560348174099
2023-10-23,451.54410304045507
2023-10-24,455.60990249503254
2023-10-25,457.921649739881
2023-10-26,458.91937218392883
2023-10-27,454.9491516700323
2023-10-28,457.42641547339656
2023-10-29,460.9108651060291
2023-10-30,466.6685366756342
2023-10-31,463.82833105167117
2023-11-01,470.02520116498926
2023-11-02,465.0163109452257
2023-11-03,464.7121003151731
2023-11-04,469.03552348701294
2023-11-05,471.8074705885298
2023-11-06,483.79032838644264
2023-11-07,479.2132347025041
2023-11-08,483.5804523300564
2023-11-09,481.7884862329608
2023-11-10,490.94514724692004
2023-11-11,499.823155025526
2023-11-12,509.43914907790673
2023-11-13,492.1418058814313
2023-11-14,492.29080881277264
2023-11-15,518.8950747055503
2023-11-16,516.6691071138937
2023-11-17,519.7049304403822
2023-11-18,516.134269667811
2023-11-19,522.9033276322539
2023-11-20,510.4866846845418
2023-11-21,488.50680379990877
2023-11-22,505.5445422886827
2023-11-23,504.7858669015776
2023-11-24,509.2052230895962
2023-11-25,516.5362144562158
2023-11-26,515.8899041884812
2023-11-27,507.24682786632843
2023-11-28,511.66295637346855
2023-11-29,512.5001644878876
2023-11-30,515.906346871342
2023-12-01,523.3130685794906
2023-12-02,529.8714362552406
2023-12-03,529.4768412237248
2023-12-04,543.0439786019583
2023-12-05,560.1448490199826
2023-12-06,564.3469406502816
2023-12-07,566.674798046826
2023-12-08,596.6593273965367
2023-12-09,600.0613579089988
2023-12-10,624.6299128309626
2023-12-11,605.6767708064566
2023-12-12,618.6284458290145
2023-12-13,631.6729231131701
2023-12-14,632.5082388230908
2023-12-15,620.5372731008882
2023-12-16,641.4919877404175
2023-12-17,622.8810876422958
2023-12-18,627.1110523094588
2023-12-19,615.9102807399996
2023-12-20,636.3056392442508
2023-12-21,660.5738863863688
2023-12-22,655.7489162267998
2023-12-23,666.3022374485345
2023-12-24,662.9800045180585
2023-12-25,675.1420286060963
2023-12-26,652.7572547453915
2023-12-27,650.4575687133363
2023-12-28,632.2152686227073
2023-12-29,626.9340350447101
2023-12-30,622.4900913685783
2023-12-31,617.9615885703571
2024-01-01,643.9730076519701
2024-01-02,637.1107670458885
2024-01-03,600.6797977082646
2024-01-04,615.0367759726172
2024-01-05,604.6124604025566
2024-01-06,591.9016578199646
2024-01-07,586.8054419180226
2024-01-08,608.0308204370554
2024-01-09,598.1658878173256
2024-01-10,601.406512742635
2024-01-11,601.0361744328071
2024-01-12,587.0871443060876
2024-01-13,586.4662220951925
2024-01-14,580.9511742225994
2024-01-15,583.8152568098742
2024-01-16,585.6259626648812
2024-01-17,584.1545050278728
2024-01-18,579.3849761862399
2024-01-19,575.4492805842441
2024-01-20,571.5257401041919
2024-01-21,572.2499751953092
2024-01-22,579.8498810226503
2024-01-23,580.8858600034589
2024-01-24,579.1860589873977
2024-01-25,581.0392809853943
2024-01-26,576.3185815716931
2024-01-27,573.9913969315526
2024-01-28,572.1560347848458
2024-01-29,569.8162777140516
2024-01-30,571.9500777317609
2024-01-31,574.4254421101249
2024-02-01,570.2158346140671
2024-02-02,567.9104862682702
2024-02-03,568.4246678890565
2024-02-04,569.2006165531963
2024-02-05,567.966001633527
2024-02-06,566.8850204095427
2024-02-07,565.7374870299449
2024-02-08,565.3135711326953
2024-02-09,568.5559966515399
2024-02-10,572.3712797392212
2024-02-11,572.9146751848998
2024-02-12,577.6852557815532
2024-02-13,576.6827240782463
2024-02-14,582.6093406559241
2024-02-15,583.2560825042049
2024-02-16,581.529860038196
2024-02-17,576.6472600664756
2024-02-18,580.2655582014238
2024-02-19,582.9489842486124
2024-02-20,578.1952428758084
2024-02-21,573.5752054111585
2024-02-22,571.525206931767
2024-02-23,570.5644688879668
2024-02-24,577.0616731831489
2024-02-25,578.4123687616941
2024-02-26,594.2670586463455
2024-02-27,608.4926853989808
2024-02-28,632.3867019017806
2024-02-29,636.4552823956357
2024-03-01,665.5044102764969
2024-03-02,687.2653755756335
2024-03-03,693.0541849696551
2024-03-04,721.9540545639059
2024-03-05,670.4479887482253
2024-03-06,702.3418733312801
2024-03-07,704.2718933587888
2024-03-08,710.1119765639075
2024-03-09,721.5674232812481
2024-03-10,709.8049080553805
2024-03-11,754.4452984697671
2024-03-12,737.8767982279253
2024-03-13,748.5171908191892
2024-03-14,746.6056220676605
2024-03-15,722.0376563335919
2024-03-16,679.3205634663022
2024-03-17,702.7211607294732
2024-03-18,692.4467551096395
2024-03-19,646.6132381642856
2024-03-20,690.9595133677668
2024-03-21,685.3102611778808
2024-03-22,675.2107658533885
2024-03-23,682.9465547644451
2024-03-24,707.3391068036346
2024-03-25,716.0300043828967
2024-03-26,724.6339953973619
2024-03-27,725.3891196804828
2024-03-28,748.2670591153752
2024-03-29,757.7578975225767
2024-03-30,739.0433675579582
2024-03-31,761.0320988859648
2024-04-01,734.1175356329869
2024-04-02,710.6072588439467
2024-04-03,697.2844262384098
2024-04-04,704.6134089446016
2024-04-05,700.3067154839232
2024-04-06,711.2048822829203
2024-04-07,720.6399376095353
2024-04-08,727.6908714276055
2024-04-09,712.085119728681
2024-04-10,721.5462396443351
2024-04-11,719.7225733204548
2024-04-12,701.8131028824155
2024-04-13,684.0117526738097
2024-04-14,687.4693995541263
2024-04-15,685.8956661662011
2024-04-16,679.1951211315289
2024-04-17,680.8687603185866
2024-04-18,678.6558372774543
2024-04-19,679.8326792863701
2024-04-20,672.5637119489667
2024-04-21,673.9960116527749
2024-04-22,668.6841904970696
2024-04-23,671.5021581578881
2024-04-24,678.4948251134956
2024-04-25,679.4512564213624
2024-04-26,681.9478075974326
2024-04-27,681.7515249185162
2024-04-28,683.5319206291541
2024-04-29,683.5664896779323
2024-04-30,691.7545523495241
2024-05-01,690.4392468747634
2024-05-02,688.0717846841801
2024-05-03,679.6152322003275
2024-05-04,673.2815504082025
2024-05-05,670.5794313373806
2024-05-06,672.814047958152
2024-05-07,675.9713533893516
2024-05-08,678.474470417312
2024-05-09,673.1557499628681
2024-05-10,681.9228265903188
2024-05-11,682.4469092278215
2024-05-12,682.9332475072991
2024-05-13,680.9265082998281
2024-05-14,685.8011818732795
2024-05-15,673.1627158443883
2024-05-16,672.6042454001891
2024-05-17,668.0728535559194
2024-05-18,668.0169979487187
2024-05-19,672.3892163147235
2024-05-20,659.3752765666893
2024-05-21,659.9493416923436
2024-05-22,659.0728339985618
2024-05-23,657.108825323851
2024-05-24,657.3788780358501
2024-05-25,661.8896650546379
2024-05-26,657.838319846353
2024-05-27,659.9159814983944
2024-05-28,651.7266263338903
2024-05-29,649.5687429338917
2024-05-30,647.172633997956
2024-05-31,645.5972225307158
2024-06-01,645.708767549024
2024-06-02,647.0339145083979
2024-06-03,648.1722065929148
2024-06-04,646.6322298175185
2024-06-05,644.3105541421094
2024-06-06,644.3037226118555
2024-06-07,645.0708941784508
2024-06-08,649.8103807519823
2024-06-09,647.0750098503896
2024-06-10,649.2624872861031
2024-06-11,653.8540890228588
2024-06-12,644.5951340091698
2024-06-13,649.3073707156502
2024-06-14,654.291289777539
2024-06-15,652.2218626585357
2024-06-16,650.1434857467218
2024-06-17,659.9120796502896
2024-06-18,672.4589565247968
2024-06-19,670.4633293534002
2024-06-20,669.7370087249052
2024-06-21,671.8352557217381
2024-06-22,672.8857028142772
2024-06-23,677.3857051702373
2024-06-24,684.8700005317571
2024-06-25,677.4209873199046
2024-06-26,680.1641327499873
2024-06-27,669.0508249888939
2024-06-28,673.6038708571413
2024-06-29,672.8887086166245
2024-06-30,665.9143091266147
2024-07-01,666.3640661910734
2024-07-02,664.2061205196491
2024-07-03,679.6652760066584
2024-07-04,701.1487545537698
2024-07-05,703.7259329617798
2024-07-06,688.077289000731
2024-07-07,702.2238929140101
2024-07-08,698.037421764771
2024-07-09,692.5904058484888
2024-07-10,692.2885069844775
2024-07-11,695.3152909824432
2024-07-12,689.509894871648
2024-07-13,684.9350603027394
2024-07-14,680.4465556451779
2024-07-15,666.3486412539044
2024-07-16,665.6705780021039
2024-07-17,671.416605102837
2024-07-18,673.574074581354
2024-07-19,666.6950529940913
2024-07-20,663.3908265950134
2024-07-21,659.1950246031048
2024-07-22,664.8447852833614
2024-07-23,665.0739392722737
2024-07-24,666.4271279438675
2024-07-25,665.6610054321891
2024-07-26,666.1020335645916
2024-07-27,663.9990569606313
2024-07-28,664.0121695739995
2024-07-29,660.4664149342549
2024-07-30,658.9036680659456
2024-07-31,658.4186376103951
2024-08-01,655.7240713300525
2024-08-02,663.7257076891616
2024-08-03,667.5917364013371
2024-08-04,675.0673489306929
2024-08-05,690.2710952973956
2024-08-06,682.2724442564885
2024-08-07,684.7335513109972
2024-08-08,666.8150998765626
2024-08-09,670.4381472490483
2024-08-10,670.0923145303987
2024-08-11,677.0738352223921
2024-08-12,671.5223257167572
2024-08-13,671.3222898876987
2024-08-14,676.9055283738325
2024-08-15,681.4755162252758
2024-08-16,679.6433077185438
2024-08-17,677.0414809243056
2024-08-18,678.7072266140825
2024-08-19,675.9218328554302
2024-08-20,673.3882740106563
2024-08-21,666.9278217565322
2024-08-22,665.8033904208094
2024-08-23,655.3512531888082
2024-08-24,652.8632347890677
2024-08-25,656.0455877945276
2024-08-26,660.2206289224739
2024-08-27,666.0736214766199
2024-08-28,665.440571554966
2024-08-29,665.3225101291658
2024-08-30,662.5519258409137
2024-08-31,663.0960199326619
2024-09-01,672.6785892452377
2024-09-02,664.8098631830112
2024-09-03,671.8761516907631
2024-09-04,668.9245957431315
2024-09-05,671.3380705972046
2024-09-06,677.003354692199
2024-09-07,673.9621228892261
2024-09-08,670.5060720821542
2024-09-09,662.4153952756203
2024-09-10,662.2170107139456
2024-09-11,662.816371099147
2024-09-12,660.2740488644555
2024-09-13,653.9664249554589
2024-09-14,655.5387840278049
2024-09-15,655.2929349784445
2024-09-16,658.6065702604566
2024-09-17,655.009220626988
2024-09-18,649.5925495356743
2024-09-19,649.124332037435
2024-09-20,650.1037164924257
2024-09-21,649.9222056240342
2024-09-22,648.1355503387697
2024-09-23,645.1369079052259
2024-09-24,646.8305886173472
2024-09-25,645.6368959178783
2024-09-26,649.3873659776981
2024-09-27,654.9970307418836
2024-09-28,653.8171969020124
2024-09-29,650.0278931455832
2024-09-30,641.923612915646
2024-10-01,631.8790009213142
2024-10-02,630.9870835668896
2024-10-03,629.1842130887309
2024-10-04,628.4084037347365
2024-10-05,628.8549059775058
2024-10-06,629.1420912679773
2024-10-07,621.1850048938616
2024-10-08,621.1290088452378
2024-10-09,617.1854550918698
2024-10-10,616.9686875759709
2024-10-11,616.1768001901321
2024-10-12,617.6877475543375
2024-10-13,617.9236868144125
2024-10-14,616.341961342072
2024-10-15,620.6312857697932
2024-10-16,620.0834769594935
2024-10-17,621.6006387452722
2024-10-18,623.0223424201305
2024-10-19,624.9039670580195
2024-10-20,626.6717894408471
2024-10-21,615.7200007438075
2024-10-22,612.9232179522457
2024-10-23,610.3382892137201
2024-10-24,613.8762076278999
2024-10-25,608.9833596441424
2024-10-26,608.312228972724
2024-10-27,612.895698878694
2024-10-28,619.5333407036208
2024-10-29,629.7630474795702
2024-10-30,625.1361023437709
2024-10-31,625.1705508946482
2024-11-01,626.145197730633
2024-11-02,626.9238445525316
2024-11-03,624.8469562673905
2024-11-04,625.7978483524805
2024-11-05,625.1492357644306
2024-11-06,626.2914881236745
2024-11-07,624.4737564132038
2024-11-08,626.6987814190926
2024-11-09,634.6420358826526
2024-11-10,667.4739547258597
2024-11-11,714.6789397504608
2024-11-12,712.9113016103855
2024-11-13,717.5612821303707
2024-11-14,701.9006028731992
2024-11-15,723.2140030546944
2024-11-16,743.9436559019898
2024-11-17,729.086438274624
2024-11-18,746.662050035401
2024-11-19,747.1250291006238
2024-11-20,740.7474773584775
2024-11-21,761.8017647933585
2024-11-22,802.171375644026
2024-11-23,830.0840557756114
2024-11-24,837.2037171718202
2024-11-25,800.9368446574973
2024-11-26,800.357118835479
2024-11-27,821.4619396221157
2024-11-28,818.3719190712666
2024-11-29,848.3636605169831
2024-11-30,841.0355617513496
2024-12-01,868.3516590502776
2024-12-02,896.8218153443806
2024-12-03,885.633966201219
2024-12-04,912.1835738972383
2024-12-05,900.7150338625939
2024-12-06,921.6361499191356
2024-12-07,921.2338107295934
2024-12-08,930.0056747456697
2024-12-09,840.6500731479692
2024-12-10,826.9004690885552
2024-12-11,865.4705527118695
2024-12-12,872.8143844436006
2024-12-13,882.1578646487651
2024-12-14,862.2553444248497
2024-12-15,877.9661871377277
2024-12-16,868.7385019326314
2024-12-17,865.0797744318788
2024-12-18,808.0090648603767
2024-12-19,762.5747460249102
2024-12-20,766.3647631725497
2024-12-21,765.7410324314847
2024-12-22,760.9728672017966
2024-12-23,761.5019398448796
2024-12-24,765.9836408836019
2024-12-25,767.8530870657197
2024-12-26,768.9139994553587
2024-12-27,767.7863177009867
2024-12-28,766.881722902663
2024-12-29,767.9986135263163
2024-12-30,765.3795276708881
2024-12-31,765.9937856475298
2025-01-01,761.7369981827599
2025-01-02,759.608727966914
2025-01-03,753.2310151728027
2025-01-04,752.5101480889011
2025-01-05,753.9959212440586
2025-01-06,757.529813932948
2025-01-07,749.6271885520052
2025-01-08,753.3186575956934
2025-01-09,756.0322820684985
2025-01-10,750.4738293156785
2025-01-11,749.2538379172576
2025-01-12,752.2691616418319
2025-01-13,757.5769781017682
2025-01-14,750.7626502872239
2025-01-15,739.9494722252202
2025-01-16,740.2257659702742
2025-01-17,742.3440509986673
2025-01-18,748.1865807369534
2025-01-19,750.4121740880003
2025-01-20,744.1209318902119
2025-01-21,742.8846852647882
2025-01-22,740.9519516753799
2025-01-23,743.4515596492953
2025-01-24,744.1600133621005
2025-01-25,742.8568133239208
2025-01-26,743.253492523178
2025-01-27,746.2129101918249
2025-01-28,751.4077212818862
2025-01-29,751.7253938430172
2025-01-30,746.1584059380068
2025-01-31,742.3268664212189
2025-02-01,748.3550160961173
2025-02-02,763.930301155712
2025-02-03,760.3138777341075
2025-02-04,767.3561629491455
2025-02-05,766.7363676102428
2025-02-06,771.9067999641858
2025-02-07,771.7883384391458
2025-02-08,768.8647358986183
2025-02-09,768.9393239852366
2025-02-10,764.6919050602178
2025-02-11,767.2953021557764
2025-02-12,756.3680332812444
2025-02-13,759.597036727607
2025-02-14,757.0926306147167
2025-02-15,759.2843826844423
2025-02-16,762.8884348331602
2025-02-17,763.4700553799319
2025-02-18,769.4426018615228
2025-02-19,768.4024347862925
2025-02-20,762.2026599499814
2025-02-21,766.11040125474
2025-02-22,761.9257047859606
2025-02-23,765.8748946642652
2025-02-24,778.42208811105
2025-02-25,778.3133822054534
2025-02-26,780.6551125226356
2025-02-27,779.1631354083355
2025-02-28,778.1455813986946
2025-03-01,778.0297022064901
2025-03-02,759.6666060099128
2025-03-03,782.493029991218
2025-03-04,783.5964984939479
2025-03-05,776.3379786714673
2025-03-06,777.2837280385281
2025-03-07,780.736506399693
2025-03-08,783.1656139852538
2025-03-09,795.8536479574675
2025-03-10,802.9681944895851
2025-03-11,794.6001130845895
2025-03-12,792.1147851234788
2025-03-13,794.9808635254243
2025-03-14,788.6641280940711
2025-03-15,783.9632855340856
2025-03-16,787.8057559007606
2025-03-17,785.0743168590036
2025-03-18,785.4675323671211
2025-03-19,779.9674081913423
2025-03-20,785.0225646962327
2025-03-21,784.9009683524175
2025-03-22,784.2668786061104
2025-03-23,781.3591780807118
2025-03-24,776.7449372220431
2025-03-25,774.3368098017083
2025-03-26,774.5442380766495
2025-03-27,775.1345937996709
2025-03-28,784.6009097491917
2025-03-29,790.1412864573412
2025-03-30,790.8875331434997
2025-03-31,791.8633169307346
2025-04-01,785.0221548874468
2025-04-02,792.5651165658446
2025-04-03,788.2030743048368
2025-04-04,786.2827656830048
2025-04-05,787.3013385705937
2025-04-06,801.2149543335483
2025-04-07,797.9276106491352
2025-04-08,803.4436462345116
2025-04-09,789.6960125560404
2025-04-10,795.8037358959482
2025-04-11,790.6721987826356
2025-04-12,784.0271625061039
2025-04-13,789.0856052738728
2025-04-14,788.8640013423803
2025-04-15,794.4301721758326
2025-04-16,794.1652979774204
2025-04-17,791.5439132126991
2025-04-18,790.844192610866
2025-04-19,787.560948211737
2025-04-20,787.8929387906605
2025-04-21,788.2155508561407
2025-04-22,781.6378035471286
2025-04-23,780.9121457350485
2025-04-24,777.7818418461112
2025-04-25,778.9344244214218
2025-04-26,777.819500976334
2025-04-27,777.0856939164886
2025-04-28,777.7515840067886
2025-04-29,777.125231925339
2025-04-30,774.6849559372199
2025-05-01,775.2085672990929
2025-05-02,773.361396852944
2025-05-03,765.8404263433448
2025-05-04,763.991836022097
2025-05-05,763.991836022097
2025-05-06,765.9280171157995
2025-05-07,762.9218277960682
2025-05-08,777.2571087206427
2025-05-09,787.7404758669767
2025-05-10,820.8724803972166
2025-05-11,807.2190310271999
2025-05-12,804.8493019630018
2025-05-13,814.3007049782364
2025-05-14,805.3097455642784
2025-05-15,794.472629593156
2025-05-16,791.7097775956718
2025-05-17,781.5249579201868
2025-05-18,797.8370922593772
2025-05-19,786.9339628814988
2025-05-20,788.8589822388667
2025-05-21,797.7902069361334
2025-05-22,814.6792285236401
2025-05-23,783.2880122790637
2025-05-24,783.2676654326985
2025-05-25,785.7589568856538
2025-05-26,781.9525518205942
2025-05-27,780.4847715936457
2025-05-28,778.266821490525
2025-05-29,764.3623606778182
2025-05-30,746.774965949524
2025-05-31,746.3765350376707
2025-06-01,746.9622054800765
2025-06-02,743.1202947169285
2025-06-03,742.5294096139233
2025-06-04,745.7143318654979
2025-06-05,749.0030142017514
2025-06-06,747.5911359331557
2025-06-07,745.0121103395719
2025-06-08,745.6129304540175
2025-06-09,745.7742500371015
2025-06-10,743.9129783515107
2025-06-11,741.7454317484719
2025-06-12,748.2750146023262
2025-06-13,752.9211856690777
2025-06-14,755.9498484480125
2025-06-15,754.9999850495909
2025-06-16,756.0864588185776
2025-06-17,760.2207143231327
2025-06-18,762.0102100312026
2025-06-19,762.5940830842275
2025-06-20,768.9886025016079
2025-06-21,775.9100969141394
2025-06-22,779.6848319392445
2025-06-23,761.3996563152008
2025-06-24,760.232910330403
2025-06-25,763.8983837666635
2025-06-26,767.887142629741
2025-06-27,765.2145301615108
2025-06-28,761.2962559652144
2025-06-29,753.4109889494003
2025-06-30,759.8314818490045
2025-07-01,767.3366511180684
2025-07-02,753.6902019322499
2025-07-03,752.4949694074554
2025-07-04,761.0351640617237
2025-07-05,760.0843529379802
2025-07-06,757.2618357481598
2025-07-07,759.4880612268202
2025-07-08,755.3237478946027
2025-07-09,746.3842481784587
2025-07-10,740.5225562867467
2025-07-11,740.080230016792
2025-07-12,740.5091654992871
2025-07-13,742.5731008137019
2025-07-14,743.5471180736641
2025-07-15,744.0810951045862
2025-07-16,746.0296630605375
2025-07-17,750.0822567053266
2025-07-18,748.5761325296085
2025-07-19,757.6696256212498
2025-07-20,759.6786873892864
2025-07-21,758.9236580732533
2025-07-22,765.6087051749738
2025-07-23,757.8889819286073
2025-07-24,756.4369273506301
2025-07-25,755.3635484625461
2025-07-26,756.143890047254
2025-07-27,764.1068240731518
2025-07-28,747.1303814378421
2025-07-29,744.7943350719449
2025-07-30,742.9574005104089
2025-07-31,736.8021076417425
2025-08-01,736.2151694073322
2025-08-02,735.959579751049
2025-08-03,738.1975085840409
2025-08-04,746.0711277730946
2025-08-05,745.1710241181551
2025-08-06,742.5892388089309
2025-08-07,744.1786641665291
2025-08-08,746.5968040197217
2025-08-09,746.2390035800685
2025-08-10,750.3628206415342
2025-08-11,737.5586483274378
2025-08-12,759.9039005559137
2025-08-13,771.356877744035
2025-08-14,740.8711439188698
2025-08-15,735.6365663715751
2025-08-16,739.5238055474028
2025-08-17,743.3511649819583
2025-08-18,729.6974859059447
2025-08-19,713.424004040679
2025-08-20,720.214202310166
2025-08-21,715.2280669944995
2025-08-22,727.1010250744214
2025-08-23,727.1270519046325
2025-08-24,719.8166911486819
2025-08-25,705.4411646739985
2025-08-26,708.980440547666
2025-08-27,708.9967103745674
2025-08-28,709.8808511894501
2025-08-29,708.2632016449503
2025-08-30,709.037246985217
2025-08-31,707.2320410681863
2025-09-01,705.7418238209386
2025-09-02,708.741592665707
2025-09-03,710.7887385199095
2025-09-04,708.1564972202776
2025-09-05,709.5842483775522
2025-09-06,709.9410487596416
2025-09-07,711.8514936696366
2025-09-08,708.843085625865
2025-09-09,712.442709879846
2025-09-10,716.9663328206789
2025-09-11,715.7843694394782
2025-09-12,718.2503496159965
2025-09-13,725.8365872481945
2025-09-14,716.331728054894
2025-09-15,710.9239370849349
2025-09-16,713.8960944612502
2025-09-17,721.2276413756186
2025-09-18,731.9856221875744
2025-09-19,720.1647527163743
2025-09-20,718.8862782702028
2025-09-21,717.1740704961643
2025-09-22,714.6924955685048
2025-09-23,714.4040814858922
2025-09-24,711.6014575391782
2025-09-25,711.3039046070826
2025-09-26,706.9651529008474
2025-09-27,706.7191365344399
2025-09-28,700.7049215013635
2025-09-29,702.1251811436515
2025-09-30,701.7758439533956
2025-10-01,699.7397166791714
2025-10-02,697.3398343848987
2025-10-03,698.1326128047912
2025-10-04,693.2569797055264
2025-10-05,692.1930400402907
2025-10-06,694.9791068873806
2025-10-07,689.3058219400644
2025-10-08,689.5541369996283
2025-10-09,692.1724798378858
2025-10-10,695.6170813725621
2025-10-11,690.0270201931746
2025-10-12,681.9461748421354
2025-10-13,679.3288027103334
2025-10-14,681.809645034904
2025-10-15,685.6454427625388
2025-10-16,688.7214426852548
2025-10-17,691.5990649695757
2025-10-18,690.5664660118022
2025-10-19,688.8367269249148
2025-10-20,686.6889800977682
2025-10-21,692.1345517761368
2025-10-22,695.9360444910125
2025-10-23,690.2991189269164
2025-10-24,687.2160537163236
2025-10-25,687.2857856863258
2025-10-26,680.1918517050545
2025-10-27,682.4522351158248
2025-10-28,687.4936897969336
2025-10-29,687.4560222950962
2025-10-30,700.4455522808187
2025-10-31,697.3662375211755
2025-11-01,691.2363580737323
2025-11-02,691.0969329929455
2025-11-03,720.4277695520999
2025-11-04,728.4457027319061
2025-11-05,718.2438872811151
2025-11-06,723.4497149702645
2025-11-07,695.4785431229519
2025-11-08,698.8920924218907
2025-11-09,695.5692050485289
2025-11-10,691.0958641152363
2025-11-11,699.2665880690737
2025-11-12,700.9857388540007
2025-11-13,704.1188523486323
2025-11-14,712.7106011777838
2025-11-15,708.4450506652025
2025-11-16,711.457045393783
2025-11-17,717.8652217989079
2025-11-18,713.3893205289464
2025-11-19,717.6224527257847
2025-11-20,725.1322453145601
2025-11-21,736.8775803071893
2025-11-22,738.0332017435666
2025-11-23,735.8910903114739
2025-11-24,730.2462725207267
2025-11-25,731.415753026401
2025-11-26,724.997636814786
2025-11-27,724.897145712202
2025-11-28,728.9749112602244
2025-11-29,731.0958635118113
2025-11-30,735.0407394523422
2025-12-01,747.8328788940123
2025-12-02,733.9207434144931
2025-12-03,725.8632878050981
2025-12-04,731.9497823533492
2025-12-05,742.7635156874636
2025-12-06,741.147870243047
2025-12-07,741.8359125074807
2025-12-08,737.9397374819989
2025-12-09,729.4668605471296
2025-12-10,734.6014063089106
2025-12-11,739.5040404227666
2025-12-12,744.3060801373558
2025-12-13,742.6541758127412
2025-12-14,749.5633004218406
2025-12-15,754.8100780252582
2025-12-16,753.4863752069514
2025-12-17,759.895813728193
2025-12-18,764.9667955862627
2025-12-19,755.1752687101534
2025-12-20,754.9657003294445
2025-12-21,756.4366655711619
2025-12-22,755.6976581911864
2025-12-23,757.5066094952102
2025-12-24,758.316236464225
2025-12-25,760.7986349697487
2025-12-26,758.0009910172221
2025-12-27,752.2171226560473
2025-12-28,753.8387594225926
2025-12-29,757.4089988904378
2025-12-30,755.8700751469578
2025-12-31,759.80028126811
2026-01-01,748.6490623065921
2026-01-02,740.0239581591724
2026-01-03,738.1871242343716
2026-01-04,733.8856402788609
2026-01-05,732.7356930506104
2026-01-06,735.6492030261733
2026-01-07,735.6492030261733
2026-01-08,735.6492030261733
2026-01-09,732.7261511400534
2026-01-10,731.7785114154268
2026-01-11,728.229753816633
2026-01-12,729.4621837768187
2026-01-13,738.4871864031936
2026-01-14,735.9114627756345
2026-01-15,726.5239806070351
2026-01-16,726.496120787875
2026-01-17,728.7862127370239
2026-01-18,720.2139029003496
2026-01-19,716.8856989740464
2026-01-20,714.6224621391524
2026-01-21,710.7306186555733
2026-01-22,713.1485099160077
2026-01-23,713.4980891783648
2026-01-24,714.4346797179139
2026-01-25,724.3806979191792
2026-01-26,720.0845437158531
2026-01-27,714.6959032767716
2026-01-28,716.1820431898574
2026-01-29,738.1199045066476
2026-01-30,741.959940655678
2026-01-31,768.737901146313
2026-02-01,775.3126962841642
2026-02-02,766.6135940888678
2026-02-03,772.3178055194239
2026-02-04,779.7049870532175
2026-02-05,821.2801628413495
2026-02-06,792.8725439243614
2026-02-07,794.5046087310702
2026-02-08,796.7362847960094
2026-02-09,797.5309568501264
2026-02-10,804.536166549662
2026-02-11,808.9678380880157
2026-02-12,806.1814219861986
2026-02-13,794.1260851633751
2026-02-14,780.7977165137493
2026-02-15,790.1594356783604
2026-02-16,786.8050357931886
2026-02-17,792.0832926439762
2026-02-18,794.1569345016889
2026-02-19,794.4553139767847
2026-02-20,787.8443969784391
2026-02-21,788.6826690388757
2026-02-22,793.566898609198
2026-02-23,803.7495767844716
2026-02-24,806.1720944066867
2026-02-25,777.3084937633885
2026-02-26,783.9109822469396
2026-02-27,790.7749440208012
2026-02-28,786.9297341352251
2026-03-01,794.8669169959754
2026-03-02,788.04737096719
2026-03-03,790.0458141672732
2026-03-04,776.2746929207632
2026-03-05,783.2160177538468
2026-03-06,790.3178413893505
2026-03-07,791.7986565092679
2026-03-08,796.1025769590296
2026-03-09,789.2866595095801
2026-03-10,783.5018721555498
2026-03-11,781.7756257533019
2026-03-12,780.3493403715422
2026-03-13,777.9890256181476
2026-03-14,777.678438740933
2026-03-15,774.8148497753507
2026-03-16,769.0200032642728
2026-03-17,771.2957333519009
2026-03-18,774.7932026301963
2026-03-19,776.6329205668396
2026-03-20,773.994410728697
2026-03-21,776.0423282493408
2026-03-22,779.8929457566729
2026-03-23,766.6775796885624
2026-03-24,763.6877741794407
2026-03-25,762.2882912222783
2026-03-26,773.725494431205
2026-03-27,780.4707345185866
2026-03-28,780.4359604094363
2026-03-29,782.9958793579225
2026-03-30,780.1098569177673
2026-03-31,775.8211762793374
2026-04-01,775.4730327253875
2026-04-02,781.539171943075
2026-04-03,778.6276220459924
2026-04-04,776.7129081757965
2026-04-05,773.9797476786988
2026-04-06,776.4431947740285
2026-04-07,761.6153088837714
2026-04-08,766.8833683727357
2026-04-09,761.3694583218502
2026-04-10,761.7081026786749
2026-04-11,762.2910848850249
2026-04-12,767.8629582087367
2026-04-13,764.739149044494
2026-04-14,771.052704757392
2026-04-15,767.8840241692537
2026-04-16,759.1880303638563
2026-04-17,762.8883623574804
2026-04-18,762.2343698772706
2026-04-19,757.0608864893929
2026-04-20,760.5046620893074
2026-04-21,761.2321311744249
2026-04-22,761.8292899314124
2026-04-23,764.4409122825919
2026-04-24,765.9993646993734
2026-04-25,766.7581105741449
2026-04-26,768.0555651929976
2026-04-27,764.0669115867228
2026-04-28,761.9061257223091
2026-04-29,762.2267075521034
2026-04-30,764.4996315448424
2026-05-01,768.7724488636572
2026-05-02,769.2812333820114
2026-05-03,768.8447078483147
2026-05-04,768.5930533327041
2026-05-05,776.1237089505096
2026-05-06,775.7394987324931
2026-05-07,768.8749545146013
2026-05-08,777.6532419331584
2026-05-09,775.9661399454355
2026-05-10,786.6561427683318
2026-05-11,780.6873927106291
2026-05-12,772.3615659398127
2026-05-13,769.6015812726981
2026-05-14,779.4643376203786
2026-05-15,768.147365300481
2026-05-16,757.6000596431295
2026-05-17,751.1664809173236
2026-05-18,747.3961076945529
2026-05-19,745.9592508038393
2026-05-20,745.5821812098593
2026-05-21,743.5900209862543
2026-05-22,742.7198051960249
2026-05-23,733.1195613536843
2026-05-24,732.8802088396245
2026-05-25,730.6422865592124
2026-05-26,732.0916135358026
2026-05-27,729.7480993049097
2026-05-28,726.7598403856659
2026-05-29,727.3921498937867
2026-05-30,724.8007168171172
2026-05-31,724.3732226312692
2026-06-01,732.0700692047571
2026-06-02,762.1128797351506
2026-06-03,764.7112889300155
2026-06-04,775.8650525150186
2026-06-05,802.1558135561413
2026-06-06,806.0580243374052
2026-06-07,793.4964298991159
2026-06-08,793.7939239268442
2026-06-09,798.747606883394
2026-06-10,804.748539533429
2026-06-11,797.7545987258604
