k,t0,t1,net_pnl,net_pct,trades,wr,pf,buy_hold_pct,por_puerta,bate_bh
0,2024-06-17,2024-07-17,-120.31,-2.41,75,49.33,0.939,6.73,"{'A': {'trades': 7, 'wins': 4, 'pnl': np.float64(368.56), 'wr': 57.1}, 'B': {'trades': 67, 'wins': 33, 'pnl': np.float64(-465.57), 'wr': 49.3}, 'C': {'trades': 1, 'wins': 0, 'pnl': np.float64(-23.3), 'wr': 0.0}}",False
1,2024-07-17,2024-08-16,-36.36,-0.73,90,57.78,0.981,-17.96,"{'B': {'trades': 77, 'wins': 48, 'pnl': np.float64(111.05), 'wr': 62.3}, 'A': {'trades': 9, 'wins': 3, 'pnl': np.float64(-120.92), 'wr': 33.3}, 'C': {'trades': 4, 'wins': 1, 'pnl': np.float64(-26.49), 'wr': 25.0}}",True
2,2024-08-16,2024-09-15,-1114.91,-22.3,91,45.05,0.517,1.26,"{'B': {'trades': 83, 'wins': 39, 'pnl': np.float64(-1029.59), 'wr': 47.0}, 'C': {'trades': 2, 'wins': 1, 'pnl': np.float64(2.44), 'wr': 50.0}, 'A': {'trades': 6, 'wins': 1, 'pnl': np.float64(-87.75), 'wr': 16.7}}",False
3,2024-09-15,2024-10-15,-673.19,-13.46,90,47.78,0.697,4.43,"{'B': {'trades': 78, 'wins': 41, 'pnl': np.float64(-513.2), 'wr': 52.6}, 'C': {'trades': 3, 'wins': 1, 'pnl': np.float64(-43.47), 'wr': 33.3}, 'A': {'trades': 9, 'wins': 1, 'pnl': np.float64(-116.51), 'wr': 11.1}}",False
4,2024-10-15,2024-11-14,-859.73,-17.19,81,41.98,0.587,30.73,"{'B': {'trades': 65, 'wins': 27, 'pnl': np.float64(-859.61), 'wr': 41.5}, 'A': {'trades': 15, 'wins': 6, 'pnl': np.float64(-14.96), 'wr': 40.0}, 'C': {'trades': 1, 'wins': 1, 'pnl': np.float64(14.85), 'wr': 100.0}}",False
5,2024-11-14,2024-12-14,-547.79,-10.96,94,41.49,0.8,82.47,"{'B': {'trades': 83, 'wins': 36, 'pnl': np.float64(-392.34), 'wr': 43.4}, 'A': {'trades': 9, 'wins': 3, 'pnl': np.float64(-113.6), 'wr': 33.3}, 'C': {'trades': 2, 'wins': 0, 'pnl': np.float64(-41.84), 'wr': 0.0}}",False
6,2024-12-14,2025-01-13,-397.17,-7.94,87,47.13,0.822,-16.81,"{'B': {'trades': 73, 'wins': 34, 'pnl': np.float64(-490.38), 'wr': 46.6}, 'C': {'trades': 4, 'wins': 2, 'pnl': np.float64(-29.97), 'wr': 50.0}, 'A': {'trades': 10, 'wins': 5, 'pnl': np.float64(123.18), 'wr': 50.0}}",True
7,2025-01-13,2025-02-12,501.52,10.03,103,53.4,1.194,-5.05,"{'A': {'trades': 12, 'wins': 6, 'pnl': np.float64(181.33), 'wr': 50.0}, 'B': {'trades': 88, 'wins': 48, 'pnl': np.float64(339.13), 'wr': 54.5}, 'C': {'trades': 3, 'wins': 1, 'pnl': np.float64(-18.95), 'wr': 33.3}}",True
8,2025-02-12,2025-03-14,-289.89,-5.8,79,43.04,0.862,-18.95,"{'B': {'trades': 66, 'wins': 30, 'pnl': np.float64(-379.01), 'wr': 45.5}, 'A': {'trades': 11, 'wins': 4, 'pnl': np.float64(112.4), 'wr': 36.4}, 'C': {'trades': 2, 'wins': 0, 'pnl': np.float64(-23.28), 'wr': 0.0}}",True
9,2025-03-14,2025-04-13,-1129.74,-22.59,77,36.36,0.482,-5.29,"{'A': {'trades': 10, 'wins': 3, 'pnl': np.float64(111.54), 'wr': 30.0}, 'B': {'trades': 66, 'wins': 25, 'pnl': np.float64(-1219.43), 'wr': 37.9}, 'C': {'trades': 1, 'wins': 0, 'pnl': np.float64(-21.85), 'wr': 0.0}}",False
10,2025-04-13,2025-05-13,-1469.64,-29.39,83,32.53,0.393,24.53,"{'B': {'trades': 71, 'wins': 24, 'pnl': np.float64(-1458.0), 'wr': 33.8}, 'A': {'trades': 10, 'wins': 3, 'pnl': np.float64(16.59), 'wr': 30.0}, 'C': {'trades': 2, 'wins': 0, 'pnl': np.float64(-28.23), 'wr': 0.0}}",False
11,2025-05-13,2025-06-12,-265.41,-5.31,97,56.7,0.88,-5.74,"{'B': {'trades': 85, 'wins': 54, 'pnl': np.float64(98.34), 'wr': 63.5}, 'A': {'trades': 10, 'wins': 1, 'pnl': np.float64(-316.17), 'wr': 10.0}, 'C': {'trades': 2, 'wins': 0, 'pnl': np.float64(-47.57), 'wr': 0.0}}",True
12,2025-06-12,2025-07-12,-424.37,-8.49,76,43.42,0.814,7.97,"{'B': {'trades': 66, 'wins': 32, 'pnl': np.float64(-289.41), 'wr': 48.5}, 'A': {'trades': 7, 'wins': 1, 'pnl': np.float64(-78.52), 'wr': 14.3}, 'C': {'trades': 3, 'wins': 0, 'pnl': np.float64(-56.44), 'wr': 0.0}}",False
13,2025-07-12,2025-08-11,-1034.34,-20.69,80,36.25,0.515,24.37,"{'B': {'trades': 66, 'wins': 26, 'pnl': np.float64(-1007.02), 'wr': 39.4}, 'A': {'trades': 6, 'wins': 1, 'pnl': np.float64(43.13), 'wr': 16.7}, 'C': {'trades': 8, 'wins': 2, 'pnl': np.float64(-70.45), 'wr': 25.0}}",False
14,2025-08-11,2025-09-10,-929.2,-18.58,85,42.35,0.657,6.2,"{'B': {'trades': 79, 'wins': 34, 'pnl': np.float64(-917.9), 'wr': 43.0}, 'A': {'trades': 3, 'wins': 1, 'pnl': np.float64(-4.06), 'wr': 33.3}, 'C': {'trades': 3, 'wins': 1, 'pnl': np.float64(-7.25), 'wr': 33.3}}",False
15,2025-09-10,2025-10-10,84.87,1.7,95,55.79,1.037,4.78,"{'B': {'trades': 84, 'wins': 48, 'pnl': np.float64(-5.19), 'wr': 57.1}, 'A': {'trades': 9, 'wins': 5, 'pnl': np.float64(121.23), 'wr': 55.6}, 'C': {'trades': 2, 'wins': 0, 'pnl': np.float64(-31.17), 'wr': 0.0}}",False
16,2025-10-10,2025-11-09,-798.12,-15.96,81,40.74,0.634,-25.17,"{'B': {'trades': 64, 'wins': 31, 'pnl': np.float64(-512.92), 'wr': 48.4}, 'A': {'trades': 13, 'wins': 2, 'pnl': np.float64(-192.55), 'wr': 15.4}, 'C': {'trades': 4, 'wins': 0, 'pnl': np.float64(-92.65), 'wr': 0.0}}",True
17,2025-11-09,2025-12-09,462.42,9.25,83,57.83,1.217,-12.49,"{'B': {'trades': 77, 'wins': 44, 'pnl': np.float64(362.14), 'wr': 57.1}, 'A': {'trades': 3, 'wins': 2, 'pnl': np.float64(24.25), 'wr': 66.7}, 'C': {'trades': 3, 'wins': 2, 'pnl': np.float64(76.02), 'wr': 66.7}}",True
18,2025-12-09,2026-01-08,-829.25,-16.59,64,37.5,0.507,-1.07,"{'B': {'trades': 51, 'wins': 22, 'pnl': np.float64(-568.39), 'wr': 43.1}, 'C': {'trades': 5, 'wins': 2, 'pnl': np.float64(-5.81), 'wr': 40.0}, 'A': {'trades': 8, 'wins': 0, 'pnl': np.float64(-255.04), 'wr': 0.0}}",False
19,2026-01-08,2026-02-07,-1167.63,-23.35,69,36.23,0.468,-32.66,"{'B': {'trades': 61, 'wins': 20, 'pnl': np.float64(-1420.2), 'wr': 32.8}, 'A': {'trades': 7, 'wins': 4, 'pnl': np.float64(251.94), 'wr': 57.1}, 'C': {'trades': 1, 'wins': 1, 'pnl': np.float64(0.63), 'wr': 100.0}}",True
20,2026-02-07,2026-03-09,113.16,2.26,82,54.88,1.073,-1.98,"{'B': {'trades': 61, 'wins': 38, 'pnl': np.float64(105.48), 'wr': 62.3}, 'A': {'trades': 14, 'wins': 6, 'pnl': np.float64(94.22), 'wr': 42.9}, 'C': {'trades': 7, 'wins': 1, 'pnl': np.float64(-86.54), 'wr': 14.3}}",True
21,2026-03-09,2026-04-08,-48.32,-0.97,69,52.17,0.965,3.43,"{'B': {'trades': 52, 'wins': 30, 'pnl': np.float64(92.82), 'wr': 57.7}, 'A': {'trades': 5, 'wins': 2, 'pnl': np.float64(-52.74), 'wr': 40.0}, 'C': {'trades': 12, 'wins': 4, 'pnl': np.float64(-88.4), 'wr': 33.3}}",False
22,2026-04-08,2026-05-08,-1176.93,-23.54,74,43.24,0.456,3.28,"{'B': {'trades': 68, 'wins': 31, 'pnl': np.float64(-1102.28), 'wr': 45.6}, 'C': {'trades': 2, 'wins': 1, 'pnl': np.float64(27.12), 'wr': 50.0}, 'A': {'trades': 4, 'wins': 0, 'pnl': np.float64(-101.77), 'wr': 0.0}}",False
23,2026-05-08,2026-06-07,-65.19,-1.3,85,54.12,0.971,-22.48,"{'B': {'trades': 72, 'wins': 40, 'pnl': np.float64(-170.73), 'wr': 55.6}, 'A': {'trades': 9, 'wins': 4, 'pnl': np.float64(119.36), 'wr': 44.4}, 'C': {'trades': 4, 'wins': 2, 'pnl': np.float64(-13.82), 'wr': 50.0}}",True
